#{"t_start": 1685739311.7708476, "env_id": null}
r,l,t
28913,137,1.883299
37564,125,2.042966
20104,87,2.153235
25090,153,2.348433
46947,165,2.561379
20104,87,2.674702
27215,128,2.839291
11315,48,2.902126
69528,174,3.124651
11149,47,3.188507
94174,247,3.498305
31994,167,3.712358
107321,273,4.055203
10664,447,6.353366
20265,88,6.488603
79903,173,6.737582
55680,203,7.027294
32004,167,7.279264
32165,168,7.535151
11315,48,7.612941
27215,128,7.803036
56341,227,8.145154
10649,447,8.801412
11315,48,8.880172
11315,48,8.963591
11315,48,9.043376
59882,201,11.231434
31999,167,11.490633
11315,48,11.568425
11315,48,11.646189
32032,193,11.95695
20099,87,12.093587
61426,158,12.345071
20114,87,12.484757
115472,403,13.083257
27064,127,13.281266
70290,282,13.714358
27049,127,13.923393
20265,88,14.066575
74018,337,16.432541
27044,127,16.632042
20265,88,16.773108
179507,418,17.397205
90795,359,17.948001
27064,127,18.167094
11315,48,18.253481
11315,48,18.343242
11315,48,18.433436
89737,460,19.504576
11144,47,21.361644
24341,77,21.470325
57804,204,21.753059
35115,208,22.0473
77642,238,22.387737
59476,158,22.613135
24794,84,22.736776
11154,47,22.806955
57961,206,23.102166
27215,128,23.294651
24912,86,23.429319
63232,223,23.753453
64865,150,23.996818
41699,119,24.170382
11149,47,24.242191
36065,248,26.429366
32165,168,26.680694
11315,48,26.757491
20265,88,26.891132
51271,150,27.127499
20094,87,27.267127
11315,48,27.349878
88036,375,27.911404
11144,47,27.993159
130939,436,28.659377
56361,226,29.007481
16349,73,29.132115
11144,47,29.211929
137540,368,31.597649
-138637,999,33.069719
20265,88,33.213309
39329,124,33.407816
38498,126,33.609251
20099,87,33.750871
125310,390,36.217155
49875,159,36.455519
46598,286,36.880386
79260,335,37.36808
20094,87,37.501722
11315,48,37.575526
30515,95,37.723131
26744,367,38.267676
69025,207,38.584828
97795,317,39.068536
43618,146,41.138673
11144,47,41.213472
48406,171,41.462806
11149,47,41.538605
32165,168,41.785943
36065,248,42.16191
29312,117,42.345421
38296,125,42.546223
11149,47,42.621022
72143,236,42.978096
31994,167,43.2384
11315,48,43.319184
25851,84,43.452827
11149,47,43.532614
48611,244,43.903631
25002,84,44.047239
58461,204,46.199398
11315,48,46.277219
39501,239,46.632399
11149,47,46.707198
35115,208,47.011385
90265,392,47.595795
31999,167,47.858122
11315,48,47.939903
32165,168,48.198209
111264,378,48.79462
26749,367,51.1972
119225,225,51.53031
68649,481,52.238417
46036,193,52.529639
54211,519,53.313544
27064,127,53.517969
42577,118,53.704342
208871,419,56.188659
33413,113,56.3602
31799,327,56.825955
27215,128,57.0344
11315,48,57.111165
20265,88,57.250819
43378,561,58.088553
55620,134,58.305223
38273,116,58.491727
11149,47,58.570516
12919,495,61.169476
124029,310,61.619274
27049,127,61.814034
24437,77,61.939725
35899,247,62.308736
34945,115,62.486265
35894,247,62.85525
63317,306,63.32368
20099,87,63.469319
55332,206,63.78744
62231,244,66.010382
66592,199,66.305594
46134,377,66.848145
51397,196,67.147316
27049,127,67.343819
52158,286,67.775667
35115,208,68.100768
27215,128,68.30622
11315,48,68.391163
107020,250,68.771153
212971,541,71.434003
68395,262,71.815983
21816,72,71.933738
11149,47,72.010534
11315,48,72.088359
171894,370,72.639921
27049,127,72.843375
7415,48,72.937125
84867,346,73.475686
46474,364,75.882255
33407,125,76.068728
11149,47,76.14619
49018,158,76.378569
18694,113,76.546122
11144,47,76.619925
43005,121,76.810416
11144,47,76.890202
21691,76,77.009882
20099,87,77.144522
-235,488,77.86261
80881,268,78.274506
63219,151,78.512866
65161,241,78.883848
20665,604,81.601995
42101,244,81.969042
16849,87,82.108669
55118,481,82.828744
26775,112,83.01026
47897,156,83.253609
58473,139,83.473022
32014,167,83.736319
11315,48,83.819098
38385,524,86.431799
55969,135,86.636283
28096,96,86.790841
29805,112,86.961412
115986,503,87.718389
33045,124,87.912843
19070,72,88.029558
11149,47,88.107323
11315,48,88.187679
11315,48,88.268464
68290,279,88.69435
38636,124,88.888833
36065,248,91.093404
42164,166,91.333762
93505,360,91.865343
27064,127,92.063812
20265,88,92.201414
51655,191,92.496655
141735,506,93.259615
14676,520,95.884877
47694,165,96.132218
86871,305,96.579022
26770,112,96.754555
32713,124,96.948858
27049,127,97.145338
31924,107,97.328815
26361,73,97.441544
24199,113,97.619067
44659,165,97.874381
16815,74,97.999052
81823,470,98.711122
11149,47,98.790907
116172,303,101.075145
58191,243,101.43258
38724,152,101.656981
11149,47,101.730783
55340,245,102.086832
64283,198,102.387999
156109,506,103.147998
26097,84,103.285635
20099,87,103.423261
69616,226,105.622294
11149,47,105.697097
49857,270,106.094009
11315,48,106.172798
27215,128,106.360325
46049,150,106.581734
11149,47,106.651518
20265,88,106.790149
54671,197,107.088909
11164,47,107.166729
11315,48,107.245523
27215,128,107.444958
11315,48,107.525769
76620,380,108.096218
51544,284,108.535077
45908,181,110.661543
67431,272,111.060472
16599,73,111.175169
34124,644,112.118649
16160,94,112.27124
45934,113,112.449764
42508,164,112.702089
11154,47,112.783871
38023,165,113.038163
31999,167,113.303735
48695,156,113.552932
11149,47,113.637705
74342,347,115.988304
41001,120,116.171814
73312,266,116.559779
47055,204,116.873938
11149,47,116.955719
27215,128,117.152194
27215,128,117.350663
11315,48,117.43444
13865,74,117.553096
20094,87,117.694744
27215,128,117.894184
11315,48,117.975993
40301,205,118.292148
67796,186,118.581372
68879,322,120.907785
51541,271,121.311679
84044,284,121.736571
51378,197,122.054724
31999,167,122.31403
11315,48,122.398773
29029,114,122.586272
63021,323,123.077986
34949,207,123.397128
20265,88,123.542715
30547,522,126.15372
20114,87,126.290357
68131,226,126.621474
37229,232,126.977519
44449,146,127.203885
20099,87,127.341547
34129,114,127.521066
66030,292,127.970838
88886,191,128.270065
66753,194,128.573258
20099,87,130.553968
21983,80,130.680626
20099,87,130.819258
27215,128,131.009746
25520,85,131.144386
48914,401,131.739793
20099,87,131.876402
11315,48,131.955191
40456,113,132.132717
55789,482,132.859143
32004,167,133.123437
20265,88,133.268051
11315,48,133.348807
27215,128,133.552262
38384,126,135.595813
27049,127,135.788299
146067,464,136.460498
58158,205,136.774635
62284,226,137.116651
157287,396,137.714195
27044,127,137.915655
36065,248,138.29564
18595,73,138.418284
26749,367,140.818389
35015,288,141.234275
42600,119,141.414764
92055,413,142.033136
20114,87,142.175759
19596,75,142.29544
13428,72,142.411129
47003,204,142.736261
96009,350,143.27183
86406,289,145.557903
24997,84,145.688555
115610,300,146.119403
24319,76,146.239084
84512,352,146.776646
20099,87,146.915276
27215,128,147.112745
31697,168,147.370056
11149,47,147.44885
108247,320,147.94652
47818,273,148.368394
11149,47,148.44818
11315,48,148.527938
11315,48,150.444758
27215,128,150.634253
35115,208,150.9424
20265,88,151.080061
11315,48,151.151868
62621,404,151.732291
35904,247,152.096344
117671,261,152.493285
34949,207,152.8134
19865,408,153.437759
41245,149,155.509974
34600,116,155.683538
11149,47,155.759336
97127,258,156.139318
62624,152,156.366713
-138309,1126,158.064177
25086,84,158.212779
35904,247,160.435647
32165,168,160.688942
60444,1487,162.877095
27044,127,163.081549
27215,128,163.290019
11315,48,165.216676
20265,88,165.35431
11315,48,165.430108
37646,125,165.614583
28154,134,165.815545
46861,160,166.05593
25740,84,166.185696
7749,113,166.359205
72867,200,166.664422
11164,47,166.746198
33603,115,166.926689
36969,165,167.183027
41719,155,167.42638
-1570938,2200,172.544705
19114,72,172.670538
27049,127,172.872969
11315,48,172.956964
11315,48,173.037749
37447,109,173.213252
65732,199,175.353059
37160,164,175.595411
32502,124,175.782883
24835,84,175.911361
25445,84,176.042012
25685,83,176.173661
54897,184,176.450927
27049,127,176.650386
11315,48,176.734136
60861,189,177.020397
11149,47,177.096167
45964,153,177.333561
11149,47,177.41534
41071,246,177.794303
27054,127,177.995007
11315,48,178.076596
36484,149,180.157038
-528521,1477,182.316326
11149,47,182.397082
39629,113,182.573611
117909,311,183.05535
33541,115,185.083943
11149,47,185.159713
20265,88,185.288222
-15730501,5712,197.426622
11144,47,197.510399
11315,48,197.592179
11315,48,197.671968
53621,204,199.832793
47247,165,200.073151
81005,239,200.416234
20099,87,200.549879
11315,48,200.625675
40934,111,200.798186
20094,87,200.935843
16715,74,201.054528
25652,84,201.188171
20099,87,201.324806
49177,166,201.588103
20099,87,201.726732
32792,125,201.923208
20099,87,202.066823
25294,85,202.201466
44084,155,202.440823
68940,263,202.841724
25569,84,204.821462
155681,320,205.283224
24781,105,205.444793
11149,47,205.516573
20265,88,205.650244
56473,152,205.881621
11149,47,205.959391
36871,126,206.15587
119985,319,206.631871
25937,85,206.777482
11149,47,206.856272
38695,116,207.040781
20099,87,207.183398
90165,233,207.539446
126568,393,209.97394
13449,87,210.106589
38270,125,210.296052
20099,87,210.429723
27215,128,210.622208
40171,136,210.831648
20099,87,210.96928
49039,156,211.205649
27049,127,211.403093
11315,48,211.482908
35707,146,211.703291
-170035,1007,215.066576
58423,202,215.3568
11149,47,215.432601
49563,191,215.714843
103251,342,216.233431
20265,88,216.375079
11315,48,216.461819
11315,48,216.541638
27215,128,216.746061
186467,379,217.329751
58911,204,217.663831
11149,47,217.744615
11315,48,217.823714
32165,168,219.91056
25649,85,220.043175
31999,167,220.290774
105936,307,220.742538
37368,165,220.992897
163115,484,221.721921
11149,47,221.803701
11315,48,221.883516
11315,48,221.963304
46671,156,222.203972
57704,364,222.761449
20099,87,224.74046
39609,125,224.925936
85842,199,225.217159
11149,47,225.291786
35115,208,225.602931
41492,121,225.795443
92093,233,226.149498
46594,144,226.373899
27049,127,226.575331
177090,454,227.265647
47161,139,227.483039
52624,191,229.63026
11144,47,229.707055
11315,48,229.783816
53537,273,230.187736
19070,72,230.30243
11149,47,230.375236
11315,48,230.452051
142180,821,231.677775
34326,108,231.851174
31994,167,232.106492
102519,356,232.657022
11315,48,232.739831
11315,48,234.661257
20265,88,234.796895
37379,193,235.085124
78691,234,235.446161
57306,205,235.753339
28956,106,235.922858
11149,47,236.004668
11315,48,236.084426
46843,227,236.427269
43613,113,236.605821
11149,47,236.683589
62282,158,236.934915
11164,47,237.016699
20265,88,237.154331
11315,48,237.233124
26915,368,239.638837
34864,120,239.824339
11144,47,239.896147
-13660971,5306,251.381263
25548,85,251.522885
27049,127,251.724758
20265,88,251.869708
38115,166,252.135968
11149,47,252.214628
38415,164,254.319261
31999,167,254.562614
-14834319,5368,266.187963
11149,47,266.26775
38519,125,266.464253
11149,47,266.54404
136694,325,267.052678
26771,78,269.020901
39759,124,269.204384
32165,168,269.453718
71381,231,269.795804
11149,47,269.876587
-2112749,2244,275.042812
20099,87,275.184404
27165,154,275.43274
47734,165,275.684095
20265,88,275.826718
20265,88,275.96731
32134,119,276.156832
60929,204,276.480966
32165,168,276.749249
27215,128,276.956692
20265,88,278.945572
35115,208,279.253721
32165,168,279.509069
20265,88,279.645701
27215,128,279.839157
88558,327,280.325884
57808,163,280.577212
20094,87,280.718831
27215,128,280.92229
42039,135,281.13173
20094,87,281.277313
177181,738,284.222952
43979,194,284.513176
27044,127,284.704664
11315,48,284.781431
26295,113,284.95796
62411,256,285.337441
11149,47,285.415232
48074,334,285.925868
24700,85,286.067463
53584,203,286.38165
31999,167,286.644918
33407,125,286.852219
43370,164,288.952565
11149,47,289.023376
38622,106,289.184946
20094,87,289.316565
48719,164,289.557919
34949,207,289.860111
25076,86,290.001761
26814,77,290.124433
11149,47,290.200233
27215,128,290.394684
11315,48,290.474111
11315,48,290.552899
51225,281,290.984774
42710,115,291.16626
31451,114,291.346806
34964,207,291.665953
32165,168,291.932213
33221,124,293.972947
58386,140,294.181418
11149,47,294.257192
40841,109,294.42577
11149,47,294.496552
-19189874,5967,308.831931
65944,447,309.476204
27049,127,309.668667
71816,172,309.936978
78918,236,310.295018
46605,160,310.545353
105909,320,311.031026
76286,318,311.52274
11315,48,313.451248
32165,168,313.695595
44647,164,313.938945
20099,87,314.071592
36122,106,314.231137
45420,227,314.568236
20094,87,314.710882
37381,127,314.912316
32165,168,315.162648
27215,128,315.365134
11315,48,315.448882
26479,74,315.568675
48398,157,315.807327
20094,87,315.95315
-13172795,5094,329.053462
11149,47,329.127292
11315,48,329.202093
61732,149,329.422475
20114,87,329.565094
11315,48,329.642918
54322,552,330.467682
11315,48,330.555477
27215,128,330.758929
-11113038,4649,343.224597
19699,407,343.807012
-121643,924,345.185359
11149,47,345.269106
11315,48,345.349916
20265,88,345.489517
11315,48,345.571507
33143,125,345.76995
11149,47,345.851732
11315,48,345.931545
51295,166,348.059699
32019,125,348.246201
87365,316,348.702977
56759,186,348.981237
20094,87,349.112885
11315,48,349.187685
20265,88,349.326314
20265,88,349.467909
25084,85,349.601582
11154,47,349.682335
11315,48,349.760127
27215,128,349.959594
20265,88,350.10321
20265,88,350.240844
11315,48,350.321655
41301,204,350.63781
27049,127,350.845256
11315,48,350.927037
20265,88,351.073746
25448,86,353.045148
37034,125,353.233644
32004,167,353.482979
20265,88,353.616594
11315,48,353.686437
32352,125,353.877922
25768,85,354.009571
38353,124,354.196073
56714,169,354.461337
25193,85,354.599993
25910,83,354.731641
31999,167,354.987958
32165,168,355.251225
20265,88,355.397833
54575,191,355.690082
20094,87,355.830704
11315,48,355.910464
74918,231,358.112476
19070,72,358.223208
20099,87,358.354828
11315,48,358.430625
11315,48,358.505455
-26280399,7055,374.464201
27217,118,374.6517
-262078,1203,378.287788
33708,135,378.499193
27049,127,378.697662
91313,360,379.241199
19119,72,379.363876
27049,127,379.563343
20265,88,379.704938
11315,48,379.78273
58419,228,380.137781
20099,87,380.285273
32019,125,380.482719
31899,124,382.536765
95277,292,382.954648
35894,247,383.318676
20265,88,383.459301
32165,168,383.713591
76701,357,384.250159
26699,167,384.51049
27514,80,384.64211
20094,87,384.781767
11315,48,384.859557
32165,168,385.123853
27215,128,385.343265
37720,165,385.597557
27049,127,387.630634
27215,128,387.823121
20265,88,387.965738
27215,128,388.153237
20265,88,388.28688
84401,227,388.629958
36499,111,388.804562
47544,205,389.116729
34627,124,389.311781
31999,167,389.572116
20265,88,389.71174
27215,128,389.912176
11315,48,389.994956
119129,402,390.6143
11149,47,392.535287
64480,403,393.112717
27054,127,393.307225
104034,215,393.63133
35899,247,394.005358
53667,155,394.243722
11149,47,394.32052
29976,113,394.498043
26673,76,394.621711
11149,47,394.700501
20265,88,394.839132
11315,48,394.917925
20265,88,395.062534
42599,136,395.278951
24918,84,395.416587
38423,125,395.615029
46375,114,397.628975
124394,292,398.055835
37901,164,398.298187
11149,47,398.373985
36065,248,398.743996
19865,408,399.359323
11315,48,399.437147
11315,48,399.515904
101799,632,400.47235
101279,280,402.734582
20094,87,402.867228
27215,128,403.055724
24309,75,403.171415
10649,447,403.825672
19865,408,404.443987
11315,48,404.53188
11315,48,404.609673
56534,191,404.910868
27049,127,405.109336
102030,278,405.532241
48082,158,407.60734
20099,87,407.74299
20265,88,407.880611
23357,84,408.009268
31999,167,408.258601
11315,48,408.338388
27215,128,408.533866
11315,48,408.615647
42270,185,408.904874
11149,47,408.982638
41832,279,409.399547
46629,107,409.570097
41362,117,409.754603
31799,327,410.245292
11315,48,410.330065
34781,119,410.52352
20094,87,412.518564
75879,587,413.36328
32165,168,413.617627
11315,48,413.697413
20265,88,413.83704
32165,168,414.09136
11315,48,414.17115
11315,48,414.253898
56821,186,414.533182
25877,84,414.67181
74343,192,414.969018
163025,290,415.417818
47710,203,417.56453
11149,47,417.638333
62490,306,418.082147
-401,487,418.816185
20265,88,418.958777
26651,445,419.632006
96129,306,420.10272
13814,73,420.224423
135664,384,422.650512
21767,72,422.763215
112476,415,423.364604
11315,48,423.446383
16587,73,423.569059
31919,125,423.758551
57837,205,424.070717
13979,114,424.251235
91316,314,424.729929
11164,47,424.809743
20265,88,424.949369
11315,48,425.031124
66723,249,425.420083
27049,127,427.456669
19735,78,427.577347
41464,146,427.791776
58596,196,428.079009
44874,164,428.32931
35899,247,428.708325
63727,627,429.654768
11164,47,429.73933
20265,88,429.875962
52320,197,430.178161
51205,164,432.28852
47669,230,432.627585
20099,87,432.75926
65215,154,432.986652
34949,207,433.300785
48571,155,433.539147
47905,166,433.79948
11315,48,433.882259
20261,113,434.053773
44374,141,434.278686
11144,47,434.358501
70947,277,434.782369
20099,87,434.92399
20265,88,435.060597
11315,48,435.152352
11315,48,435.230172
79813,353,437.601835
34949,207,437.906022
27215,128,438.09751
192426,540,438.897368
58121,205,439.21253
69903,184,439.503724
20099,87,439.644376
45195,135,439.853817
20099,87,439.99444
19865,408,442.464812
27215,128,442.654305
11315,48,442.731127
11315,48,442.808893
499119,993,444.273571
61199,154,444.519941
20114,87,444.660565
20265,88,444.801189
27215,128,445.002658
73375,231,445.364655
11149,47,447.285467
43728,193,447.572701
68982,306,448.011527
11144,47,448.089293
36065,248,448.47127
30015,154,448.711657
11144,47,448.791446
46475,147,449.013849
97060,279,449.433727
27049,127,449.638181
11315,48,449.722957
103690,432,452.239007
24918,84,452.367657
11154,47,452.445422
42055,111,452.607019
11144,47,452.682814
65625,282,453.100671
46788,138,453.318117
20094,87,453.454749
33089,124,453.65123
36431,192,453.948432
11149,47,454.028219
20265,88,454.172832
36065,248,454.5488
11315,48,454.633601
20265,88,454.774228
20265,88,454.918839
11315,48,454.996631
-28335,568,457.690338
32165,168,457.944649
45365,165,458.198974
25252,85,458.335609
81888,435,458.986869
99271,382,459.573273
41977,234,459.945279
48025,159,460.200597
11144,47,460.282406
37680,156,462.364842
31794,327,462.841569
11315,48,462.917365
25084,85,463.049014
37731,124,463.241472
27054,127,463.436976
27215,128,463.638411
37892,125,463.832839
106127,345,464.356442
180845,381,464.931874
39079,123,465.132366
27049,127,465.333801
57152,439,467.818838
20265,88,467.957469
44410,565,468.786253
27054,127,468.986718
27215,128,469.185189
11315,48,469.263949
11315,48,469.34576
67763,242,469.718759
58855,228,470.074783
105704,227,472.27648
24578,78,472.399117
43035,120,472.575674
75122,239,472.929723
107324,355,473.458315
20114,87,473.599941
11315,48,473.681718
77125,325,474.16842
11315,48,474.252166
26027,84,474.386807
27049,127,474.588297
42798,269,475.002189
31994,167,475.265486
65975,306,477.558428
11144,47,477.636245
20265,88,477.766871
11315,48,477.841699
65115,231,478.181789
73308,265,478.576707
56780,205,478.894856
24850,113,479.074734
25949,83,479.215359
58355,155,479.456713
26129,112,479.63521
31999,167,479.898533
67517,232,480.259564
20094,87,482.2361
19865,408,482.830511
-22805,676,483.831863
54199,203,484.16295
20099,87,484.305597
11315,48,484.393362
55263,198,484.701538
106533,223,485.050606
27064,127,485.253037
42104,320,487.561736
11144,47,487.636509
43365,116,487.810073
11149,47,487.887867
70924,341,488.3975
55424,131,488.601958
25275,80,488.731612
20094,87,488.870239
11315,48,488.946037
35115,208,489.262164
48997,182,489.550422
20099,87,489.691019
63591,171,489.96235
30749,193,492.110636
61543,150,492.340023
33011,123,492.525527
26868,112,492.692079
81445,162,492.930442
58551,245,493.302444
43683,166,493.551782
20099,87,493.689414
20265,88,493.832006
27215,128,494.031503
82849,431,494.691709
11149,47,494.773522
40600,110,494.952042
20094,87,495.092664
11315,48,495.172454
49020,165,497.270069
47368,165,497.518404
35337,107,497.680969
52444,185,497.956233
85368,207,498.271391
27049,127,498.469862
42261,118,498.655365
11149,47,498.72917
20265,88,498.8668
20265,88,499.003407
73504,221,499.338302
20099,87,499.481922
20265,88,499.627538
-1037250,1670,503.919366
11164,47,504.001145
24811,77,504.129776
49014,145,504.355929
34020,117,504.542458
53511,197,504.852602
20099,87,505.000212
253376,1013,508.329454
34799,273,508.759305
38180,116,508.940821
97344,307,509.41159
51729,244,509.784565
47073,165,510.041737
96776,224,512.221685
47845,149,512.440074
-4145994,3068,518.794138
24264,113,518.978649
60629,284,519.425456
37684,325,521.781514
39060,124,521.968016
53595,189,522.24425
20114,87,522.378917
20265,88,522.513557
11315,48,522.588357
20265,88,522.72297
27215,128,522.915224
50465,145,523.137628
34949,207,523.45168
44731,164,523.707996
152881,287,524.152807
49874,241,524.526807
79129,191,524.836978
27044,127,526.884399
20265,88,527.020037
11315,48,527.095835
25001,85,527.224491
60800,155,527.455872
11149,47,527.532667
20265,88,527.6693
27215,128,527.868771
27215,128,528.078205
20265,88,528.217836
21714,77,528.339513
14726,791,529.513374
47324,305,531.823174
27129,74,531.940894
19694,407,532.52829
27215,128,532.726787
11315,48,532.805576
37646,125,532.997036
47761,164,533.258338
20104,87,533.398351
20265,88,533.54
36065,248,533.915992
27215,128,534.118426
67245,246,534.504065
11315,48,534.584821
252393,344,536.949233
27166,78,537.070908
27044,127,537.261399
34025,99,537.411995
91303,424,538.040318
27059,127,538.239785
68959,137,538.45222
33906,363,539.004735
57334,201,539.317909
56565,246,539.696894
20104,87,539.842475
-324192,1149,543.360569
11149,47,543.443352
20265,88,543.584947
-256068,965,546.875551
86825,278,547.282464
34949,207,547.584657
36367,146,547.809057
66512,179,548.086313
41044,119,548.276807
36479,532,549.083651
72489,281,549.523475
77589,279,551.788421
35914,247,552.153447
20265,88,552.288217
11315,48,552.370005
39444,113,552.543536
11149,47,552.61731
42223,245,552.986039
11149,47,553.064829
67542,150,553.293293
36065,248,553.679016
63169,278,554.105875
81960,377,556.530303
74113,177,556.792609
135652,312,557.248384
55009,146,557.481761
25526,84,557.623354
72885,280,558.039548
27049,127,558.238018
105767,317,558.713718
60705,150,558.951085
27044,127,559.153542
11315,48,559.234355
20265,88,559.377943
11315,48,559.458758
20265,88,559.597659
51140,165,561.688626
11315,48,561.765422
42745,107,561.925992
32879,123,562.108504
40706,112,562.281044
93696,378,562.83955
56514,182,563.119802
114648,396,563.724158
59327,201,564.036328
27215,128,564.252307
70562,251,564.643229
34844,287,566.90588
42649,118,567.082408
20099,87,567.21702
99806,315,567.690781
53767,237,568.052814
37466,158,568.297162
57449,202,568.6093
53111,140,568.833727
49232,192,569.13689
165819,343,571.50487
32165,168,571.754204
32165,168,572.000548
50036,400,572.589971
11149,47,572.66876
24811,77,572.792429
11144,47,572.868228
11315,48,572.949012
70092,188,573.235242
20114,87,573.379861
50170,365,573.93438
11149,47,574.016159
36855,154,574.255493
62922,271,576.521367
43341,113,576.69687
47000,165,576.937227
11315,48,577.016043
11315,48,577.088849
49624,145,577.303281
20094,87,577.44088
23357,84,577.573527
58411,187,577.854775
126891,651,578.852139
57790,205,579.171286
20265,88,579.313903
39629,113,579.490431
11149,47,579.572186
44091,350,581.922407
29570,94,582.071011
13423,72,582.182706
20099,87,582.315353
46065,154,582.551722
20099,87,582.690351
27215,128,582.884803
65224,233,583.241428
27049,127,583.44289
61831,237,583.813898
43370,164,584.071245
24512,79,584.201889
11144,47,584.277686
11315,48,584.357272
-19216381,5962,598.661633
27049,127,598.866081
39840,125,599.068515
51791,187,601.204259
38099,153,601.432649
21242,74,601.550341
84153,253,601.919348
20099,87,602.058948
-125063,914,603.444246
-13451,527,606.097904
205926,541,606.909943
21661,76,607.029625
27044,127,607.22909
11315,48,607.308687
24482,73,607.425404
74902,547,608.239229
38583,214,608.568345
98203,398,611.025641
52134,205,611.327829
109394,246,611.681856
24799,73,611.795575
25828,84,611.928226
24918,84,612.060871
41802,244,612.42689
41139,485,613.150958
-61597,898,616.349524
77779,324,616.816274
85323,183,617.090517
58366,266,617.488482
56525,233,617.852479
11149,47,617.931298
32165,168,618.188611
62802,245,618.571639
34178,116,618.762134
20099,87,618.901757
19215,74,619.022406
33306,633,621.773848
11315,48,621.856621
24415,114,622.032127
31994,167,622.288465
25399,113,622.471952
20099,87,622.605623
35628,151,622.848972
11149,47,622.928762
11315,48,623.006523
40131,119,623.189035
34964,207,623.50929
72341,219,623.851377
11149,47,623.935154
41299,205,626.078469
57868,158,626.312842
-46225,617,627.213436
-45551,607,628.122977
11315,48,628.207776
44194,195,628.514964
27049,127,628.721378
48791,275,631.015833
34949,207,631.316031
47113,166,631.565364
27054,127,631.758844
39777,125,631.953299
42765,325,632.440029
25488,84,632.574668
167767,376,633.138134
37683,164,633.393475
33463,113,633.577984
20099,87,633.721602
27215,128,633.924034
65011,285,636.181539
55827,227,636.518638
33549,193,636.808862
39242,123,637.004367
44310,129,637.204805
72154,227,637.551904
20099,87,637.694523
27215,128,637.890998
42746,165,638.152273
34246,112,638.335806
21832,85,638.476434
27054,127,638.682854
27215,128,638.887307
43702,165,640.982767
11149,47,641.058537
20265,88,641.190212
25649,85,641.318868
42958,118,641.496394
55211,228,641.83945
11149,47,641.918266
25851,84,642.048889
54824,204,642.365072
94071,819,643.584813
53771,189,643.894984
24311,72,645.857346
77265,313,646.317112
34949,207,646.616317
27895,114,646.794841
25920,83,646.926461
11149,47,647.003256
55024,193,647.293508
11149,47,647.375289
85067,270,647.787189
-60808023,10430,672.49234
35115,208,672.823456
11315,48,672.903242
23445,96,673.065808
34944,207,675.238008
37367,110,675.406552
31994,167,675.656883
11315,48,675.732682
35115,208,676.035871
20265,88,676.175498
20265,88,676.319114
42469,148,676.540528
24789,84,676.675163
20104,87,676.812801
73152,325,677.306478
27049,127,677.516885
46598,139,677.732332
52277,204,678.053475
20265,88,678.197095
-407563,1108,681.65628
36509,153,681.892647
27064,127,682.094079
25851,84,682.231711
38470,124,682.429183
35115,208,682.754345
-97735,1075,686.177162
25861,83,686.313796
24712,84,686.448436
26878,75,686.568145
11149,47,686.645937
20265,88,686.783566
11315,48,686.861335
47221,205,687.172503
-3440807,2746,693.074303
24835,84,695.051688
11154,47,695.125492
11315,48,695.201261
11315,48,695.274093
11315,48,695.347868
11315,48,695.423381
20265,88,695.556025
11315,48,695.62839
11315,48,695.701167
20265,88,695.831818
-636358573,32207,772.925282
11144,47,773.001081
13965,74,773.118765
-2028635212,57355,909.717865
11164,47,909.791667
11315,48,909.866441
36871,126,910.051945
20104,87,910.181628
62616,152,910.406026
11159,47,910.48182
42967,117,910.657327
25548,85,910.783018
11149,47,910.853959
18794,78,910.976638
11144,47,911.054424
11315,48,911.13119
11315,48,911.210007
20265,88,911.348609
11315,48,911.431389
11315,48,911.512201
-212887051,18992,956.148904
19525,76,956.28056
11149,47,956.362335
20265,88,958.352015
20265,88,958.487655
20265,88,958.619303
22015,74,958.733996
37323,164,958.981337
21132,76,959.09603
11149,47,959.171827
91057,315,959.643539
26850,73,959.762249
11149,47,959.836024
11315,48,959.917833
47213,111,960.096328
11144,47,960.173151
29983,146,960.405533
21559,75,960.529199
11144,47,960.60796
11315,48,960.685781
11315,48,960.766565
-60634443,10205,985.123067
20104,87,985.267681
27215,128,985.470136
32394,125,985.667618
11154,47,985.750364
20265,88,985.898994
20265,88,987.87341
11315,48,987.953193
38769,125,988.138698
11149,47,988.214467
20265,88,988.347321
22865,154,988.591971
43635,119,988.776508
11144,47,988.853301
43785,165,989.103604
40389,152,989.336011
11149,47,989.412778
11315,48,989.490571
-10686235,4524,999.887126
11149,47,999.974576
11315,48,1000.053869
24341,77,1000.178567
11149,47,1000.257354
16715,74,1000.38402
20094,87,1000.525609
38179,194,1002.687439
11149,47,1002.762239
11315,48,1002.837012
11315,48,1002.912808
11315,48,1002.989604
11315,48,1003.068392
-2427357536,62668,1150.857688
11149,47,1150.945451
27215,128,1151.145916
126863,609,1153.897408
42392,116,1154.072939
43685,156,1154.302298
23219,85,1154.431953
20104,87,1154.563628
11315,48,1154.639398
39840,125,1154.833878
47497,189,1155.113132
26868,112,1155.292058
26999,153,1155.528426
27044,127,1155.733877
25294,85,1155.870512
11154,47,1155.948306
11315,48,1156.030161
25895,84,1156.164801
44229,163,1156.417127
26545,74,1156.541765
69756,311,1158.852605
27299,73,1158.969293
11144,47,1159.044093
11315,48,1159.117896
20265,88,1159.252537
9815,48,1159.329331
11315,48,1159.407095
32585,97,1159.557721
20094,87,1159.695353
24832,79,1159.818025
20094,87,1159.956626
21812,77,1160.081294
11144,47,1160.159114
33133,124,1160.348616
43415,121,1160.534111
20094,87,1160.678728
11315,48,1160.756518
20265,88,1160.899137
11315,48,1160.97992
20265,88,1161.119551
-4480599,3045,1169.311832
43894,158,1169.555182
11149,47,1169.63494
58772,197,1169.933171
38970,114,1170.111666
11149,47,1170.191453
11315,48,1170.27127
53565,276,1170.695109
11149,47,1170.778914
36204,106,1170.950454
-135966666,15556,1208.837543
50920,163,1209.092861
11149,47,1209.171622
33143,125,1209.36613
11149,47,1209.441927
25851,84,1209.573575
11149,47,1209.652365
46465,135,1209.862803
-3729753432,78089,1396.220016
11149,47,1396.298834
11315,48,1396.373634
11315,48,1396.448406
11315,48,1396.524203
47292,166,1398.61275
25895,84,1398.750355
27919,77,1398.8731
11144,47,1398.954881
26915,368,1399.503011
11315,48,1399.58177
25911,85,1399.720427
20099,87,1399.861026
27215,128,1400.066507
37176,166,1400.321825
25706,84,1400.46045
41774,119,1400.651939
30341,123,1400.849946
31999,167,1401.102828
-42583166,8751,1424.353255
11149,47,1424.423567
11315,48,1424.500361
9965,48,1424.579185
32165,168,1424.839645
-978943024,40038,1519.997279
-54951644,10013,1544.179077
11149,47,1544.258863
11315,48,1544.337653
39329,124,1544.536125
25204,116,1544.723624
11149,47,1544.806401
11315,48,1544.887158
20265,88,1545.032796
11315,48,1545.112582
44673,168,1547.242031
27049,127,1547.432523
11315,48,1547.508319
11315,48,1547.582094
64606,192,1547.909266
25905,83,1548.055515
20099,87,1548.209105
27367,77,1548.340754
20099,87,1548.487361
27215,128,1548.700738
11315,48,1548.784542
20265,88,1548.933116
11315,48,1549.015923
11315,48,1549.097677
20265,88,1549.251298
11315,48,1549.334073
20265,88,1549.478658
27283,79,1549.614324
11144,47,1549.69907
