#{"t_start": 1685743743.5410013, "env_id": null}
r,l,t
40165,135,0.130275
25483,84,0.141244
20099,87,0.152216
18627,74,0.161191
11149,47,0.168201
77328,235,0.195101
45160,100,0.207068
196453,646,0.276885
20099,87,0.288854
35115,208,0.311354
29061,115,0.324319
20099,87,0.334166
62538,151,0.353085
31799,327,0.390016
104387,272,0.420352
139037,431,0.468199
11144,47,0.476178
20265,88,0.485819
52400,295,0.519214
10644,447,0.567113
153934,582,0.631912
258926,692,0.706711
17784,112,0.719676
38972,112,0.732642
25607,465,0.783675
37035,164,0.802625
79320,181,0.823599
20099,87,0.833095
-64753,766,0.917839
24620,443,0.965713
48618,149,0.982698
11144,47,0.98825
42395,166,1.009672
35115,208,1.032638
34627,124,1.046601
39499,123,1.060566
-364217,1232,1.193181
67790,214,1.217092
39018,124,1.2311
11149,47,2.084997
20265,88,2.095939
32165,168,2.114889
21565,114,2.128654
-109792,743,2.20844
48340,145,2.226394
103677,265,2.255314
41887,147,2.27224
29810,112,2.285232
36992,124,2.300519
20104,87,2.310465
27215,128,2.325459
35015,288,2.356369
11315,48,2.36432
50486,138,2.379311
76122,361,2.419175
65083,229,2.444527
34849,287,2.477442
37646,125,2.491406
26754,367,2.530298
44713,277,2.561215
20094,87,2.57515
102070,333,2.614074
55660,205,2.637015
35015,288,2.667933
11315,48,2.675881
35015,288,2.707205
20265,88,2.718142
153922,331,2.755354
20094,87,2.766324
29037,113,2.77929
55080,198,2.80123
11149,47,2.807216
50069,166,2.827162
27215,128,2.841662
32165,168,2.860611
138531,323,2.897512
33541,115,2.911475
11149,47,2.91746
20265,88,2.92843
25252,85,2.938403
19704,407,2.982314
36065,248,3.009214
11315,48,3.015198
35115,208,3.038137
32165,168,3.059109
12515,114,3.072074
55711,406,3.115958
11315,48,3.12291
77714,266,3.152859
84793,190,3.178789
28631,193,3.200702
78565,233,3.235814
-28501,567,3.298238
20265,88,3.309712
45886,130,3.323676
53784,551,3.384049
99795,211,3.408538
72040,324,3.444151
31965,328,3.481026
26969,79,3.49003
32669,124,3.505988
59835,149,3.521943
31999,167,3.540865
20265,88,3.550838
20659,645,3.62168
11315,48,3.627789
27215,128,3.642787
11315,48,3.6488
11315,48,3.655752
20265,88,3.666697
39240,810,3.754462
35015,288,3.786376
20265,88,3.797349
45678,391,3.840233
11149,47,3.84619
11315,48,3.852203
25158,86,3.863143
77819,324,3.898075
25776,153,3.915004
46211,244,3.941992
20104,87,3.953933
75367,233,3.978839
21767,72,3.987845
21767,72,3.996849
27049,127,4.011811
139951,253,4.039741
109309,214,4.062706
15438,518,4.119101
11329,48,4.127096
35015,288,4.158014
38151,164,4.176963
62675,231,4.201903
56974,201,4.225805
211385,570,4.287665
11144,47,4.293652
35015,288,4.32546
11315,48,4.332414
24912,86,4.341957
62224,281,4.383818
-11360,232,4.409364
165123,336,4.448262
36911,124,4.46222
36171,116,4.476182
11164,47,4.482138
21982,73,4.491114
11149,47,4.497573
60577,197,4.519543
20099,87,4.530486
56075,414,4.575366
31799,327,4.611331
11315,48,4.617314
26915,368,4.657743
95828,307,4.692187
16694,87,4.706149
132241,576,4.775529
49219,158,4.79348
11149,47,4.800462
88871,268,4.830412
94763,469,4.882268
52688,204,4.905182
-37101,603,4.971594
11149,47,4.977571
61610,246,5.005438
11315,48,5.011423
25714,86,5.022365
19070,72,5.031594
11149,47,5.037578
11315,48,5.043562
11315,48,5.050543
-28335,568,5.111408
35115,208,5.134382
123739,589,5.199335
11149,47,5.206286
63009,516,5.262738
27049,127,5.277844
42311,317,5.312751
34944,207,5.336715
38384,126,5.351674
37857,164,5.369599
11149,47,5.375582
20265,88,5.386554
66043,238,5.41207
11149,47,5.418203
58710,242,5.445744
87553,277,5.477143
69889,423,5.532954
55007,269,5.562874
11149,47,5.56886
65365,192,5.590771
11149,47,5.596755
25983,84,5.606728
39193,118,5.619694
27049,127,5.635651
31965,328,5.671391
20265,88,5.682364
125190,478,5.734223
19070,72,5.744548
11149,47,5.750531
27215,128,5.764494
80026,375,5.805385
78516,253,5.835304
20099,87,5.845279
59241,205,5.868217
31999,167,5.887609
39559,105,5.900826
29944,153,5.917812
11144,47,5.923765
36065,248,5.951689
115676,352,5.991614
114248,339,6.028565
75202,220,6.05337
41807,265,6.082293
48996,346,6.121937
27044,127,6.1359
24994,86,6.146873
33016,123,6.160864
32967,106,6.1738
24712,84,6.183775
105474,217,6.208732
96627,241,6.236427
42451,119,6.251388
24871,84,6.26136
81492,428,6.307238
11149,47,6.313222
84821,319,6.349823
11149,47,6.355834
20265,88,6.365807
57151,176,6.384728
27541,112,6.398691
46972,162,6.416643
112749,255,6.444594
16849,87,6.45554
39665,124,6.470501
52015,205,6.493467
27215,128,6.508426
11315,48,6.514383
119239,307,6.549162
80680,231,6.576118
34949,207,6.59906
20265,88,6.609833
36065,248,6.637758
11315,48,6.643742
63928,201,7.594558
11164,47,7.648226
16815,74,7.746962
11144,47,7.796828
11315,48,7.857174
11315,48,7.917042
11315,48,7.980872
11315,48,8.046699
11315,48,8.107532
11315,48,8.168373
11315,48,8.233206
11315,48,8.294657
11315,48,8.357026
7265,48,8.418863
11315,48,8.484237
146558,417,8.955387
82375,228,9.21948
20099,87,9.323207
20265,88,9.436473
27215,128,9.590061
11315,48,9.64292
11315,48,9.705752
11315,48,9.768584
71631,134,9.933145
44939,164,10.121696
104602,470,10.637893
37373,147,10.814458
11144,47,10.878287
11315,48,10.94112
20265,88,11.048831
11315,48,11.110667
11315,48,11.171503
11315,48,11.232342
-2950825,2855,14.43714
20114,87,14.545849
37021,126,14.708418
67155,147,14.889467
61993,365,15.324305
25911,85,15.440085
20099,87,15.558723
35015,288,15.900809
24811,77,15.996581
11144,47,16.06041
26935,77,16.149173
399335,735,16.958551
20099,87,17.070248
11315,48,17.130124
11315,48,17.188966
11315,48,17.249339
11315,48,17.311689
27215,128,17.464848
35237,106,17.585572
11144,47,17.639987
11315,48,17.700363
25714,86,17.802447
24705,85,17.91562
11154,47,17.974007
11315,48,18.038863
11315,48,18.102499
10863,174,18.313412
148134,409,18.776679
11149,47,18.839507
27215,128,19.000644
11315,48,19.067463
11315,48,19.131292
11315,48,19.192132
36070,101,19.322211
48818,145,19.508082
-278163,1002,20.707842
11144,47,20.771671
42729,109,20.91641
43647,110,21.054587
11149,47,21.118416
27215,128,21.285631
39021,125,21.443301
26749,367,21.861794
11315,48,21.927615
25807,84,22.04031
25833,84,22.148026
34949,207,22.39337
25955,85,22.506701
11149,47,22.576053
66391,168,22.779505
9694,47,22.839347
11315,48,22.907165
38811,118,23.046853
18461,73,23.138608
11149,47,23.199447
87451,238,23.482907
9714,47,23.546742
11315,48,23.609572
11315,48,23.672408
35115,208,23.924828
35115,208,24.170556
53652,238,24.464397
67196,353,24.881846
29443,107,25.018046
73464,277,25.348604
11149,47,25.418469
22465,328,25.810048
11315,48,25.874847
11315,48,25.939702
11315,48,26.005526
26943,76,26.107254
11149,47,26.171084
57078,191,26.405459
11149,47,26.471253
31879,154,26.665762
37644,124,26.820351
11154,47,26.882183
271619,722,27.716973
48587,152,27.907814
11144,47,27.97663
11315,48,28.041129
25649,85,28.157738
11149,47,28.225361
32967,125,28.386108
11149,47,28.448424
23357,84,28.567173
66593,244,28.853772
29470,104,28.98798
31999,167,29.197034
41170,265,29.526033
25440,84,29.636599
21571,72,29.731771
24464,79,29.8345
11144,47,29.904282
11315,48,29.965272
11315,48,30.033685
11315,48,30.100523
77254,239,30.390507
37938,108,30.53065
11144,47,30.586942
11315,48,30.649773
32165,168,30.864269
38199,165,31.071192
24175,76,31.17292
24127,76,31.28163
20099,87,31.399316
11315,48,31.458191
25965,128,31.620324
11315,48,31.685179
27215,128,31.857257
11315,48,31.925081
11315,48,31.999878
11315,48,32.064703
11315,48,32.131524
11315,48,32.201339
37284,165,32.407814
39168,123,32.566808
11149,47,32.629638
11315,48,32.696465
11315,48,32.761291
25999,85,32.877516
11149,47,32.945355
11315,48,33.008786
36689,193,33.249805
11149,47,33.31061
11315,48,33.377461
11315,48,33.445278
75652,262,33.770599
11144,47,33.837955
11315,48,33.908737
27215,128,34.075319
-28180,756,34.959662
11315,48,35.018507
20265,88,35.142786
11315,48,35.212297
11315,48,35.282055
11315,48,35.347419
11315,48,35.415749
17024,446,35.946931
115111,451,36.484812
11149,47,36.554625
11315,48,36.621947
27215,128,36.783514
11315,48,36.852332
11315,48,36.914654
19334,73,37.014388
11149,47,37.078218
11315,48,37.144078
11315,48,37.211041
11315,48,37.281346
11315,48,37.346202
24953,86,37.457496
11154,47,37.524348
11315,48,37.590172
11315,48,37.656487
11315,48,37.723373
30065,113,37.876189
11149,47,37.941592
20265,88,38.054813
35115,208,38.311432
66821,194,38.546935
11329,48,38.621769
25895,84,38.731573
11149,47,38.798824
61788,198,39.048678
11164,47,39.112507
11315,48,39.181297
11315,48,39.252139
11315,48,39.316967
41089,120,39.469589
11149,47,39.537439
11315,48,39.60426
91637,392,40.076633
26492,74,40.181328
49717,164,40.393343
11149,47,40.455178
11315,48,40.521651
11315,48,40.595486
11315,48,40.663298
11315,48,40.730653
11315,48,40.799018
11315,48,40.864803
21982,73,40.971502
49769,152,41.161965
35223,107,41.304584
11144,47,41.364424
25983,84,41.478121
11149,47,41.544942
11315,48,41.612762
11315,48,41.685002
11315,48,41.751887
11315,48,41.819708
9865,48,41.888552
11315,48,41.957374
7265,48,42.030469
11315,48,42.096326
-5751642,3600,46.615849
11315,48,46.688655
11315,48,46.75847
11315,48,46.827284
11315,48,46.89664
11315,48,46.969936
74192,173,47.191373
-76183,843,48.231271
56340,939,49.403746
11164,47,49.471572
-804081,1541,51.408276
34944,207,51.699605
11315,48,51.771412
11315,48,51.851255
11315,48,51.919533
25851,84,52.037814
11149,47,52.108644
11315,48,52.179524
11315,48,52.253358
24365,74,52.360155
11144,47,52.427448
11315,48,52.506267
65250,186,52.751888
54659,192,53.006126
11149,47,53.075946
11315,48,53.147748
11315,48,53.222089
74449,444,53.778363
11149,47,53.847179
11315,48,53.917988
11315,48,53.987804
8465,48,54.05759
11315,48,54.132418
11315,48,54.204226
11315,48,54.276005
11315,48,54.345852
11315,48,54.414663
11315,48,54.48348
-975528,2051,57.100767
11164,47,57.181521
11315,48,57.259341
11315,48,57.333144
11315,48,57.409939
11315,48,57.480751
20265,88,57.613397
32165,168,57.875669
11315,48,57.947545
11315,48,58.018415
11315,48,58.093215
11315,48,58.167018
11315,48,58.246838
11315,48,58.320643
24871,86,58.439369
11154,47,58.515203
11315,48,58.586241
11315,48,58.659079
11315,48,58.72893
20265,88,58.8541
11315,48,58.919447
26175,85,59.043153
11149,47,59.123885
11315,48,59.194758
11315,48,59.265788
25042,85,59.390518
8604,47,59.46635
11315,48,59.54022
11315,48,59.611143
11315,48,59.68287
11315,48,59.756701
24912,86,59.886893
11154,47,59.955713
-28335,568,60.700933
11315,48,60.777709
11315,48,60.852539
11315,48,60.923355
21730,76,61.044026
11144,47,61.114836
11315,48,61.188639
11315,48,61.260419
11315,48,61.330232
11315,48,61.400357
11315,48,61.476184
16815,74,61.583987
11144,47,61.650819
21965,74,61.767567
11144,47,61.845331
11315,48,61.917645
11315,48,61.988455
11315,48,62.069707
11315,48,62.144423
11315,48,62.219229
11315,48,62.292034
11315,48,62.364868
16587,73,62.479533
11149,47,62.550403
40463,98,62.701998
26313,73,62.804724
20099,87,62.938366
11315,48,63.011171
25939,84,63.12883
11149,47,63.195678
73730,225,63.497467
11144,47,63.573268
149405,266,63.932244
11144,47,64.003055
21933,73,64.108383
48987,159,64.333519
11144,47,64.412314
11315,48,64.484207
32165,168,64.724293
31965,328,65.172668
11315,48,65.252426
31965,328,65.683335
11315,48,65.757678
24664,74,65.861431
25773,83,65.986126
11149,47,66.063918
11315,48,66.135726
11315,48,66.205539
11315,48,66.282335
11315,48,66.352382
11315,48,66.423272
11315,48,66.49907
11315,48,66.57144
11315,48,66.640257
11315,48,66.716573
27215,128,66.892167
24415,74,67.003375
11144,47,67.077279
11315,48,67.15115
11315,48,67.224945
35115,208,67.510182
11315,48,67.584982
35015,288,67.967972
11315,48,68.04234
67015,238,68.366609
11149,47,68.438446
11315,48,68.513252
11315,48,68.587492
20265,88,68.713729
11315,48,68.785353
11315,48,68.858694
11315,48,68.92907
25126,85,69.058724
25898,85,69.174516
31999,167,69.413876
43930,120,69.582989
11144,47,69.655796
11315,48,69.7286
11315,48,69.804398
11315,48,69.885186
11315,48,69.95942
55117,197,70.239897
11164,47,70.313234
11315,48,70.385071
24389,77,70.506313
11149,47,70.576144
11315,48,70.650023
11315,48,70.726386
31978,125,70.909545
28117,94,71.038623
11144,47,71.110426
11315,48,71.179872
27163,74,71.28276
11149,47,71.353566
11315,48,71.422826
24919,85,71.541545
47726,139,71.730042
11149,47,71.799858
11315,48,71.874253
11315,48,71.943069
43489,188,72.192283
11164,47,72.261216
11315,48,72.332541
11315,48,72.417366
11315,48,72.493664
11315,48,72.564068
11315,48,72.635876
11315,48,72.707685
11315,48,72.787503
11315,48,72.861312
38937,125,73.050337
42409,118,73.227009
17944,167,73.456395
35333,153,73.699247
19070,72,73.806497
11149,47,73.883319
11315,48,73.956121
11315,48,74.034914
11315,48,74.110711
25692,85,74.24236
11149,47,74.31921
11315,48,74.393445
11315,48,74.470436
11315,48,74.543269
11315,48,74.61554
11315,48,74.694343
11315,48,74.769746
11315,48,74.848054
11315,48,74.921955
11315,48,75.001827
11315,48,75.07482
22392,85,75.199923
27229,74,75.313648
11144,47,75.384461
11315,48,75.457239
20265,88,75.585479
52989,201,75.857456
24645,76,75.96862
11144,47,76.039431
11315,48,76.107279
11315,48,76.177094
11315,48,76.249901
11315,48,76.318686
31962,126,76.484308
11154,47,76.553118
25563,85,76.673796
11149,47,76.747632
35258,97,76.881864
11149,47,76.94968
11315,48,77.021528
11315,48,77.099317
11315,48,77.171806
11315,48,77.255562
11315,48,77.328054
24878,85,77.452627
11154,47,77.530495
11315,48,77.604295
11315,48,77.676345
11315,48,77.753812
25714,86,77.878569
11149,47,77.954415
11315,48,78.031774
11315,48,78.105303
11315,48,78.177119
11315,48,78.256287
20265,88,78.382989
25999,85,78.501707
11149,47,78.57053
11315,48,78.643332
11315,48,78.720287
-1287026,1805,81.131486
11154,47,81.205288
43819,118,81.375834
11144,47,81.448638
42247,120,81.618784
11144,47,81.694176
11315,48,81.768976
11315,48,81.846768
27215,128,82.027584
11315,48,82.105376
11315,48,82.178182
11315,48,82.25854
11315,48,82.33334
11315,48,82.412234
60722,242,82.738523
11154,47,82.811379
11315,48,82.887781
11315,48,82.961622
11315,48,83.040949
11315,48,83.113784
11315,48,83.195565
11315,48,83.26837
11315,48,83.348156
11315,48,83.423583
13965,74,83.545235
11144,47,83.617764
11315,48,83.694176
25076,86,83.82542
11154,47,83.897228
11315,48,83.973566
11315,48,84.048372
11315,48,84.12027
11315,48,84.193081
11315,48,84.262863
11315,48,84.332977
11315,48,84.404948
25983,84,84.5276
122627,384,85.023276
27049,127,85.200371
9815,48,85.267191
11315,48,85.336039
11315,48,85.405853
36402,109,85.552466
11149,47,85.623271
11315,48,85.692087
11315,48,85.761901
42520,115,85.91948
11144,47,85.991288
11315,48,86.070112
24994,86,86.195776
11154,47,86.261735
45460,113,86.427858
47710,203,86.71017
11149,47,86.776401
11315,48,86.852254
60955,175,87.119137
11144,47,87.188
11315,48,87.262363
20265,88,87.392103
11315,48,87.46938
11315,48,87.542289
11315,48,87.614097
11315,48,87.690925
11315,48,87.761733
11315,48,87.835536
11315,48,87.909336
11315,48,87.984141
20265,88,88.117784
11315,48,88.194577
26147,86,88.324228
11149,47,88.397035
11315,48,88.472834
27215,128,88.654321
25126,85,88.777401
11154,47,88.846777
11315,48,88.919579
25126,85,89.04707
11154,47,89.12704
11315,48,89.197912
11315,48,89.271712
11315,48,89.350501
11315,48,89.422315
11315,48,89.49721
11315,48,89.570621
11315,48,89.646418
11315,48,89.723261
11315,48,89.797487
11315,48,89.874129
11315,48,89.947994
11315,48,90.020393
11315,48,90.094701
11315,48,90.167794
32165,168,90.403704
10015,48,90.478505
37792,110,90.636113
11144,47,90.704473
11315,48,90.783295
27262,77,90.89599
11144,47,90.972354
11315,48,91.045948
11315,48,91.127283
29633,113,91.288517
11149,47,91.357368
11315,48,91.42877
11315,48,91.505507
11315,48,91.57791
11315,48,91.64835
11315,48,91.724192
11315,48,91.798707
11315,48,91.875531
24517,74,91.98099
11149,47,92.052799
11315,48,92.130589
11315,48,92.20139
25084,85,92.329059
11154,47,92.405138
11315,48,92.480935
20265,88,92.610588
24919,85,92.739276
42643,118,92.911807
11144,47,92.980128
11315,48,93.053061
26883,73,93.161773
34949,207,93.443664
11315,48,93.518745
11315,48,93.591578
11315,48,93.663386
11315,48,93.735228
11315,48,93.811291
11315,48,93.883209
-15350637,5357,100.975515
11149,47,101.054442
91285,214,101.380327
11149,47,101.457152
13915,74,101.575164
41869,104,101.735514
11149,47,101.817893
11315,48,101.892533
11315,48,101.970834
11315,48,102.04364
11315,48,102.121404
31965,328,102.606739
49947,163,102.853121
59159,202,103.14089
11149,47,103.206717
11315,48,103.283512
24811,77,103.39777
11144,47,103.466587
-9797,725,104.422294
11149,47,104.499089
11315,48,104.569901
21982,73,104.679606
10449,73,104.783194
11144,47,104.860498
11315,48,104.935299
11315,48,105.010099
11315,48,105.084899
-85485,688,105.986211
60708,158,106.21061
11149,47,106.283415
11315,48,106.355267
32165,168,106.588595
11315,48,106.660403
11315,48,106.730398
11315,48,106.803242
11315,48,106.878126
64585,225,107.186505
11149,47,107.260336
11315,48,107.341902
41123,205,107.618508
11149,47,107.693311
59475,519,108.377028
45375,114,108.539656
-366435,1048,109.92807
11315,48,110.006085
-481907,1236,111.646236
11149,47,111.730621
11315,48,111.815428
25911,85,111.952058
31799,327,112.406937
18595,73,112.517115
11149,47,112.588892
11315,48,112.662724
93193,487,113.304074
11149,47,113.36594
-160635,808,114.429549
11315,48,114.507368
11315,48,114.582723
11315,48,114.66102
39344,97,114.802314
20094,87,114.92951
11315,48,115.007013
11315,48,115.078934
11315,48,115.163234
40805,165,115.4022
46475,154,115.619079
-501697,1324,117.350991
11149,47,117.429906
34426,107,117.586641
75239,316,118.014373
11149,47,118.092233
8765,48,118.165067
11315,48,118.238901
11315,48,118.314729
11315,48,118.388577
158586,318,118.820231
11149,47,118.896043
25649,85,119.024711
11149,47,119.09951
24485,77,119.216172
26389,639,120.060715
11315,48,120.136513
-439357,1125,121.622976
51359,171,121.86533
11144,47,121.941637
-199384,1002,123.268149
63840,194,123.551609
11149,47,123.631551
21461,75,123.749872
11149,47,123.820684
41795,121,123.995218
11149,47,124.068537
11315,48,124.140337
11315,48,124.218451
11315,48,124.291259
11315,48,124.364567
11315,48,124.439368
11315,48,124.511737
24415,114,124.66886
38496,125,124.848374
11315,48,124.92422
11315,48,125.001583
65510,325,125.438446
11315,48,125.512071
21982,73,125.622802
11149,47,125.696124
11315,48,125.768208
72988,585,126.541747
69345,636,127.385749
11164,47,127.462548
43268,161,127.692959
41966,111,127.854644
11144,47,127.930442
11315,48,128.009378
11315,48,128.085177
59862,469,128.716002
91703,226,129.050211
11315,48,129.126453
11315,48,129.199291
24811,77,129.324985
11144,47,129.401879
11315,48,129.477679
35015,288,129.901115
11315,48,129.97489
11315,48,130.046726
90708,292,130.469448
11149,47,130.537269
11315,48,130.608175
11315,48,130.675059
11315,48,130.747529
11315,48,130.816376
11315,48,130.88675
11315,48,130.956563
11315,48,131.029341
11315,48,131.100309
11315,48,131.168128
40218,119,131.336285
11164,47,131.404778
11315,48,131.473596
11315,48,131.544407
25823,85,131.669531
34949,207,131.941801
11315,48,132.014606
11315,48,132.085417
74427,405,132.628422
11149,47,132.705216
11315,48,132.783009
34976,472,133.408294
11149,47,133.484096
11315,48,133.561885
10815,448,134.154409
11315,48,134.231207
11315,48,134.30258
11315,48,134.379372
11315,48,134.451232
11315,48,134.524532
58021,158,134.74666
11164,47,134.819689
22655,114,134.987098
11164,47,135.062029
11315,48,135.135934
20265,88,135.267757
11315,48,135.348574
39355,113,135.50887
35899,247,135.840299
11315,48,135.9171
11315,48,135.990391
11315,48,136.068207
11315,48,136.137685
11315,48,136.209069
11315,48,136.284866
11315,48,136.355677
42080,118,136.524227
69629,323,136.959145
11149,47,137.033178
11315,48,137.10544
11315,48,137.17677
112183,317,137.693172
16421,72,137.800915
11149,47,137.879674
11315,48,137.954502
11315,48,138.030299
11315,48,138.105104
11315,48,138.175918
11315,48,138.248692
21413,75,138.352443
11149,47,138.417277
122157,379,138.878335
11149,47,138.93818
11315,48,138.998587
11315,48,139.057403
11315,48,139.117274
27262,77,139.212017
11144,47,139.269862
11315,48,139.331697
11315,48,139.390542
86689,192,139.62292
11164,47,139.67877
11315,48,139.73861
11315,48,139.796455
25649,85,139.902741
63953,268,140.222433
25541,84,140.325345
27049,127,140.475974
71949,285,140.815345
11149,47,140.872224
11315,48,140.93943
11315,48,141.000303
26015,86,141.105105
11149,47,141.164027
11315,48,141.224896
11315,48,141.283737
11315,48,141.34258
11315,48,141.400398
11315,48,141.461236
11315,48,141.520648
11315,48,141.580485
11315,48,141.640325
11315,48,141.701196
-95868,879,142.818425
11154,47,142.886244
11315,48,142.954093
42807,117,143.113293
37074,105,143.26006
11149,47,143.323903
11315,48,143.389729
11315,48,143.459572
42612,112,143.614158
37281,164,143.83457
11154,47,143.898401
11315,48,143.969182
13865,74,144.076487
11144,47,144.141319
72657,183,144.388203
20094,87,144.510877
11315,48,144.5767
11315,48,144.646513
11315,48,144.717324
59733,205,144.986231
11149,47,145.056123
27215,128,145.230252
11315,48,145.299066
11315,48,145.367883
37974,125,145.539503
44209,113,145.69768
11144,47,145.766752
39134,319,146.200351
36894,273,146.568527
76000,194,146.835377
11164,47,146.907184
11315,48,146.980984
11315,48,147.053787
59077,205,147.339042
11149,47,147.409897
20265,88,147.537619
13594,73,147.645332
11149,47,147.71817
11315,48,147.791003
11315,48,147.868778
11315,48,147.948081
74685,266,148.319122
11315,48,148.392931
20265,88,148.520583
11315,48,148.596353
27215,128,148.78415
-5439,722,149.720956
11315,48,149.795
11315,48,149.867295
11315,48,149.945087
11315,48,150.017893
11315,48,150.094199
11315,48,150.172991
11315,48,150.251775
11315,48,150.32458
11315,48,150.398383
11315,48,150.475184
11315,48,150.547985
16815,74,150.663674
11144,47,150.73848
11315,48,150.814316
11315,48,150.885637
11315,48,150.958503
11315,48,151.035329
20265,88,151.166479
11315,48,151.239286
11315,48,151.314167
11315,48,151.386013
11315,48,151.459515
32165,168,151.693324
11315,48,151.768125
46694,101,151.91972
11144,47,151.987539
11315,48,152.066328
16765,74,152.176579
55547,204,152.458857
11154,47,152.534138
11315,48,152.608938
11315,48,152.684707
65593,406,153.225238
11154,47,153.299071
-9589768,4435,159.256113
11149,47,159.333949
11315,48,159.413864
11315,48,159.486243
-43129,766,160.499767
60673,152,160.717748
11149,47,160.794544
69257,139,160.992582
33962,159,161.212616
11144,47,161.289441
19334,73,161.403736
11149,47,161.480562
49110,163,161.71161
27049,127,161.892231
11315,48,161.973019
11315,48,162.045388
71579,236,162.367224
11149,47,162.439641
11315,48,162.513443
24965,74,162.629146
25696,84,162.754761
11149,47,162.824574
11315,48,162.896383
11315,48,162.97318
11315,48,163.047041
11315,48,163.124833
11315,48,163.200633
11315,48,163.271504
11315,48,163.349856
16765,74,163.459563
65156,226,163.772356
11164,47,163.845162
11315,48,163.918458
11315,48,163.989759
11315,48,164.067551
11315,48,164.141354
11315,48,164.224133
21812,77,164.336863
11144,47,164.406188
11315,48,164.477203
33177,124,164.652038
25548,85,164.7773
11149,47,164.845041
-45385,608,165.641111
11315,48,165.718896
8665,48,165.793699
75033,365,166.283503
11149,47,166.355341
25752,95,166.494851
57649,201,166.769743
11315,48,166.848531
11315,48,166.925894
11315,48,167.004281
11315,48,167.078026
61343,187,167.345982
11144,47,167.419823
68691,275,167.790364
11329,48,167.863329
11315,48,167.942091
11315,48,168.013928
24912,86,168.141306
11154,47,168.219039
11315,48,168.290876
11315,48,168.363483
11315,48,168.43913
11315,48,168.511534
11315,48,168.585339
11315,48,168.661799
26115,84,168.782502
11149,47,168.852342
11315,48,168.922662
11315,48,168.996437
11315,48,169.069271
38242,124,169.245377
41669,151,169.455892
-23745,756,170.458112
11315,48,170.538404
25757,86,170.675546
11149,47,170.758326
11315,48,170.838718
11315,48,170.915513
51945,138,171.115977
41486,108,171.273529
11149,47,171.347359
11315,48,171.421162
11315,48,171.500921
11315,48,171.576717
43249,117,171.751289
11149,47,171.829553
11315,48,171.906348
20265,88,172.078456
11315,48,172.241021
11315,48,172.362696
11315,48,172.465422
11315,48,172.585103
27215,128,172.801524
11315,48,172.873331
86082,182,173.115685
11164,47,173.185498
11315,48,173.254314
11315,48,173.322132
11315,48,173.387958
11315,48,173.450788
11315,48,173.510629
11315,48,173.57047
11315,48,173.634298
11315,48,173.695136
19285,73,173.780907
11149,47,173.840748
11315,48,173.901614
11315,48,173.961048
11315,48,174.018796
11315,48,174.077637
11315,48,174.136481
21982,73,174.224246
11149,47,174.281094
27215,128,174.434684
11315,48,174.493528
11315,48,174.553366
11315,48,174.610217
11315,48,174.666072
11315,48,174.7279
11315,48,174.789735
11315,48,174.853565
11315,48,174.916399
19285,73,175.010146
11149,47,175.073976
39971,147,175.263469
11144,47,175.327271
11315,48,175.390128
11315,48,175.454957
11315,48,175.516793
11315,48,175.581616
20759,274,175.928691
24835,84,176.044382
11154,47,176.108212
-182014,1333,177.814652
66261,170,178.042044
11144,47,178.106843
11315,48,178.176656
78497,215,178.460926
11149,47,178.53074
11315,48,178.598528
20265,88,178.7212
45835,153,178.925682
8599,47,178.993501
11315,48,179.065311
11315,48,179.132132
11315,48,179.19995
11315,48,179.267768
37969,106,179.413352
-23937876,6546,188.142053
11149,47,188.216827
25939,84,188.338528
11149,47,188.407345
11315,48,188.478155
11315,48,188.546972
11315,48,188.618779
11315,48,188.691585
33177,124,188.88105
11149,47,188.9489
11315,48,189.019708
11315,48,189.089522
31539,108,189.246108
11144,47,189.317914
34317,106,189.468508
11149,47,189.538322
11315,48,189.607138
24994,86,189.731805
11154,47,189.799629
42335,167,190.037988
11315,48,190.107773
11315,48,190.179611
-288496,1099,191.624747
39764,124,191.803269
11315,48,191.87807
11315,48,191.948883
11315,48,192.019691
11315,48,192.089504
11315,48,192.16231
11315,48,192.231127
11315,48,192.297948
11315,48,192.367761
11315,48,192.436577
11315,48,192.508385
21835,73,192.610113
11149,47,192.681921
11315,48,192.752732
11315,48,192.822545
11315,48,192.892361
11315,48,192.960178
11315,48,193.029992
11315,48,193.099805
11315,48,193.166624
11315,48,193.239431
11315,48,193.319219
11315,48,193.38604
21461,75,193.493759
11149,47,193.562572
11315,48,193.631385
68838,365,194.128057
11154,47,194.193881
48166,165,194.424268
11154,47,194.49009
11315,48,194.567882
-766696,1499,196.552578
61133,159,196.781968
11164,47,196.853774
25955,85,196.976445
11149,47,197.047259
19865,408,197.59479
11315,48,197.667599
43046,120,197.833155
11144,47,197.902972
58882,230,198.219125
11149,47,198.28794
51371,157,198.512341
11164,47,198.578173
11315,48,198.649974
11315,48,198.720784
11315,48,198.786608
-24196,753,199.804884
35899,247,200.149965
11315,48,200.224767
11315,48,200.30156
11315,48,200.379349
11315,48,200.464097
43300,148,200.674534
34944,207,200.960798
35035,98,201.106444
11144,47,201.178252
11315,48,201.249023
11315,48,201.318836
11315,48,201.386655
11315,48,201.457467
11315,48,201.525285
11315,48,201.594101
94120,700,202.520626
11144,47,202.593431
-35693885,7954,213.297825
11164,47,213.366643
21294,113,213.525217
-160801,807,214.623284
11315,48,214.693096
11315,48,214.762911
11315,48,214.83472
11315,48,214.910516
11315,48,214.980329
11315,48,215.055129
11315,48,215.125942
11315,48,215.200741
30204,107,215.349343
11144,47,215.422146
24961,75,215.531855
24794,84,215.653527
11154,47,215.723344
36065,248,216.061441
11315,48,216.134245
11315,48,216.207053
30529,96,216.34269
11149,47,216.408513
11315,48,216.478326
57472,205,216.761569
11315,48,216.837366
55325,247,217.168482
11315,48,217.242285
11315,48,217.321074
11315,48,217.388896
11315,48,217.460701
16539,95,217.595348
38714,124,217.766883
72095,286,218.15684
11315,48,218.230641
11315,48,218.301458
11315,48,218.370243
92693,275,218.739284
11149,47,218.813094
11315,48,218.881906
39840,125,219.054441
11315,48,219.125252
11315,48,219.196071
11315,48,219.265877
11315,48,219.338682
11315,48,219.408496
11315,48,219.477311
11315,48,219.547096
11315,48,219.619931
11315,48,219.685758
20265,88,219.812416
11315,48,219.882229
11315,48,219.954035
11315,48,220.021856
11315,48,220.092667
11315,48,220.162483
11315,48,220.233293
11315,48,220.304102
11315,48,220.372918
11315,48,220.441735
-45385,608,221.253566
11315,48,221.324376
11315,48,221.395186
11315,48,221.462011
11315,48,221.533817
11315,48,221.601635
18627,74,221.709345
11149,47,221.777166
11315,48,221.846979
36695,114,222.005556
24814,73,222.107283
11144,47,222.178095
57863,150,222.382555
11149,47,222.44937
43858,119,222.615927
11144,47,222.687735
11315,48,222.758543
11315,48,222.828357
11315,48,222.897179
11315,48,222.969984
11315,48,223.041786
11315,48,223.111601
11315,48,223.181413
27360,77,223.29212
11144,47,223.363928
25779,85,223.481612
46661,227,223.789787
39107,124,223.964323
11149,47,224.038124
11315,48,224.107937
11315,48,224.175756
11315,48,224.246567
11315,48,224.318375
11315,48,224.388189
11315,48,224.461994
11315,48,224.529811
26887,77,224.639517
11149,47,224.709337
11315,48,224.777148
11315,48,224.849962
11315,48,224.925752
134979,312,225.343635
11149,47,225.414446
21815,74,225.519166
9644,47,225.589979
67295,244,225.922087
11149,47,225.989909
11315,48,226.057724
11315,48,226.135519
11315,48,226.20633
11315,48,226.276143
11315,48,226.346954
11315,48,226.414773
11315,48,226.486581
11315,48,226.555399
31965,328,227.000208
11315,48,227.075011
11315,48,227.145819
11315,48,227.211647
32679,99,227.35127
11144,47,227.426071
11315,48,227.492892
11315,48,227.561708
11315,48,227.632521
13865,74,227.740231
11144,47,227.805055
11315,48,227.873873
11315,48,227.94269
11315,48,228.011506
11315,48,228.085309
21763,77,228.194019
11144,47,228.261837
27215,128,228.445352
11315,48,228.516157
11315,48,228.586968
11315,48,228.656782
11315,48,228.72859
11315,48,228.798403
11315,48,228.869214
11315,48,228.940024
11315,48,229.004853
11315,48,229.074665
11315,48,229.143481
11315,48,229.213295
11315,48,229.285107
11315,48,229.354915
11315,48,229.420745
11315,48,229.492548
64545,127,229.671071
11144,47,229.741882
11315,48,229.812693
11315,48,229.8845
11315,48,229.955311
-35317335,7768,240.34851
11315,48,240.425332
11315,48,240.496146
11315,48,240.568948
11315,48,240.640757
11315,48,240.712564
84629,198,240.99481
78161,363,241.505447
114887,371,242.002121
11149,47,242.070942
9815,48,242.141746
11315,48,242.210562
11315,48,242.280376
11315,48,242.349191
24871,86,242.468871
11154,47,242.54068
11315,48,242.610493
11315,48,242.680307
11315,48,242.755107
8465,48,242.826914
11315,48,242.895733
11315,48,242.965544
11315,48,243.03436
11315,48,243.104174
11315,48,243.173987
11315,48,243.2438
11315,48,243.313616
11315,48,243.383427
11315,48,243.454239
11315,48,243.523054
11315,48,243.590873
11315,48,243.662683
11315,48,243.732494
11315,48,243.801311
11315,48,243.871127
11315,48,243.941935
11315,48,244.011749
11315,48,244.081559
11315,48,244.152373
11315,48,244.224188
11315,48,244.292997
11315,48,244.359818
-29169219,7146,253.907304
11164,47,253.98011
11315,48,254.05092
19334,73,254.156639
24753,84,254.280308
11154,47,254.351119
11315,48,254.419907
5326,682,255.318533
11315,48,255.389316
11315,48,255.461152
11315,48,255.526976
11315,48,255.595792
11315,48,255.663612
11315,48,255.738409
18627,74,255.847123
8299,47,255.914939
11315,48,255.987746
53197,193,256.248054
11144,47,256.31886
11315,48,256.38765
11315,48,256.457489
11315,48,256.528297
11315,48,256.597117
11315,48,256.666931
11315,48,256.739735
11315,48,256.810548
11315,48,256.882354
11315,48,256.953165
11315,48,257.023984
11315,48,257.095784
11315,48,257.165599
38527,117,257.326166
11149,47,257.397974
11315,48,257.464798
11315,48,257.537603
11315,48,257.603428
11315,48,257.674238
11315,48,257.746046
11315,48,257.817828
11315,48,257.889665
11315,48,257.960445
18844,73,258.064196
42613,110,258.215791
11144,47,258.284607
11315,48,258.351429
11315,48,258.422239
11315,48,258.491057
24994,86,258.61672
11154,47,258.682545
27805,114,258.844112
11164,47,258.911931
11315,48,258.980749
11315,48,259.05056
21428,79,259.164258
24753,84,259.282941
11154,47,259.352753
25939,84,259.47244
11149,47,259.541249
11315,48,259.614056
11315,48,259.680876
11315,48,259.751684
11315,48,259.824492
11315,48,259.895303
11315,48,259.965116
11315,48,260.036927
11315,48,260.107735
11315,48,260.177549
11315,48,260.247362
11315,48,260.317176
11315,48,260.39397
11315,48,260.465779
11315,48,260.536591
11315,48,260.606402
11315,48,260.679208
11315,48,260.751018
11315,48,260.821827
11315,48,260.891647
11315,48,260.965444
11315,48,261.036251
11315,48,261.109033
11315,48,261.180867
20265,88,261.305535
11315,48,261.375348
24837,85,261.496027
11154,47,261.565841
11315,48,261.635652
11315,48,261.705469
11315,48,261.775282
11315,48,261.845095
11315,48,261.914906
11315,48,261.980732
11315,48,262.049543
84045,298,262.449477
11144,47,262.519291
11315,48,262.588107
11315,48,262.65792
11315,48,262.724742
11315,48,262.796552
11315,48,262.866365
11315,48,262.936177
11315,48,263.008983
11315,48,263.08079
-433057,1249,264.732376
11144,47,264.806179
11315,48,264.877987
11315,48,264.954782
11315,48,265.026591
11315,48,265.097401
11315,48,265.169209
11315,48,265.24002
11315,48,265.307812
11315,48,265.379647
41695,114,265.542216
11164,47,265.610038
11315,48,265.678847
11315,48,265.747663
11315,48,265.81548
69102,307,266.232368
11149,47,266.305174
11315,48,266.37399
11315,48,266.443776
35015,288,266.830769
26479,74,266.935489
11149,47,267.0063
11315,48,267.077111
11315,48,267.147922
19865,408,267.717402
11315,48,267.790205
11315,48,267.861016
11315,48,267.93083
11315,48,268.000643
34670,105,268.146225
11149,47,268.21607
11315,48,268.28987
11315,48,268.355696
11315,48,268.429497
11315,48,268.496321
11315,48,268.568124
11315,48,268.63794
6015,48,268.709748
11315,48,268.775572
11315,48,268.850373
11315,48,268.917194
11315,48,268.988007
11315,48,269.059816
11315,48,269.129628
11315,48,269.201434
11315,48,269.272245
11315,48,269.34206
11315,48,269.411871
71920,316,269.835743
11149,47,269.906551
11315,48,269.976363
11315,48,270.042187
16715,74,270.149899
11144,47,270.218716
11315,48,270.28853
11315,48,270.358343
42688,118,270.524898
11149,47,270.58873
25851,84,270.711401
39023,124,270.882941
11149,47,270.955754
11315,48,271.025557
11315,48,271.094377
11315,48,271.166186
11315,48,271.234002
36330,116,271.406541
11164,47,271.482339
11315,48,271.559105
11315,48,271.629917
11315,48,271.697763
11315,48,271.771569
11315,48,271.844371
11315,48,271.917177
11315,48,271.98799
11315,48,272.062787
11315,48,272.133602
11315,48,272.203412
11315,48,272.272228
11315,48,272.34603
33076,120,272.514581
11329,48,272.587386
42472,114,272.747957
11144,47,272.816776
70973,285,273.195757
11149,47,273.261557
24912,86,273.386251
11154,47,273.453073
11315,48,273.523884
11315,48,273.594694
11315,48,273.665505
11315,48,273.732326
11315,48,273.805131
11315,48,273.875942
25084,85,273.998619
11154,47,274.065436
11315,48,274.137244
11315,48,274.204067
11315,48,274.274876
11315,48,274.344687
11315,48,274.4155
25076,86,274.540167
42455,119,274.70872
11144,47,274.771549
11315,48,274.843363
11315,48,274.913171
11315,48,274.981987
11315,48,275.050803
11315,48,275.122611
25126,85,275.248276
11154,47,275.3141
11315,48,275.386905
11315,48,275.454724
30041,105,275.605321
20099,87,275.730985
11315,48,275.799803
11315,48,275.87161
11315,48,275.940423
66953,196,276.204719
11329,48,276.277524
11315,48,276.349304
11315,48,276.417152
47534,142,276.614627
11144,47,276.684437
11315,48,276.755248
11315,48,276.825063
26295,73,276.928784
11149,47,276.997602
11315,48,277.069409
11315,48,277.136235
11315,48,277.20801
11315,48,277.274859
11315,48,277.349667
11315,48,277.417479
11315,48,277.489287
11315,48,277.5591
11315,48,277.628914
11315,48,277.69773
11315,48,277.767543
11315,48,277.834366
11315,48,277.905175
11315,48,277.975986
11315,48,278.045799
11315,48,278.115615
11315,48,278.185428
11315,48,278.254242
11315,48,278.321066
11315,48,278.393869
11315,48,278.462687
11315,48,278.532499
11157,113,278.69008
11149,47,278.760889
11315,48,278.830703
11315,48,278.901512
38023,165,279.125922
11149,47,279.198691
11315,48,279.26651
11315,48,279.337348
11315,48,279.404169
-45555398,8914,291.291401
11144,47,291.370195
11315,48,291.442
11315,48,291.514804
19334,73,291.619527
11149,47,291.695323
11315,48,291.766135
11315,48,291.836945
11315,48,291.909751
11315,48,291.977569
11315,48,292.049375
11315,48,292.118194
11315,48,292.188007
11315,48,292.259817
11315,48,292.3296
-142494,873,293.478558
11149,47,293.551363
11315,48,293.623172
24994,86,293.742852
70389,315,294.170708
64348,244,294.508806
31706,115,294.67536
36531,106,294.822966
11149,47,294.896768
11315,48,294.966585
11315,48,295.037393
25197,78,295.148098
11149,47,295.213923
11315,48,295.284732
-76226,869,296.478545
11149,47,296.544368
11315,48,296.615176
11315,48,296.681001
38719,125,296.862515
11315,48,296.930341
11315,48,297.002144
11315,48,297.072955
11315,48,297.141769
11315,48,297.213577
21615,74,297.319267
11144,47,297.38911
11315,48,297.459918
11315,48,297.525745
11315,48,297.597553
11315,48,297.667365
18715,88,297.793029
11315,48,297.862842
20265,88,297.986511
37401,125,298.161045
24799,84,298.284715
11154,47,298.35353
57940,203,298.629792
11315,48,298.70559
11315,48,298.773409
11315,48,298.845217
10015,48,298.912039
-46780604,9152,311.14834
26560,74,311.260041
26948,73,311.371742
11149,47,311.441556
11315,48,311.514361
11315,48,311.586142
11315,48,311.65798
11315,48,311.727793
11315,48,311.797604
84648,257,312.145674
24175,76,312.255381
34616,120,312.420938
11149,47,312.489756
67590,285,312.871735
21394,73,312.982442
11149,47,313.049267
-31824315,7472,323.052529
11315,48,323.127334
11315,48,323.200133
11315,48,323.270944
11315,48,323.340731
11315,48,323.415558
11315,48,323.487366
58989,150,323.70279
11149,47,323.774598
11315,48,323.847408
11315,48,323.91622
26027,84,324.039889
11149,47,324.101725
11315,48,324.172535
11315,48,324.242349
58422,205,324.521602
16599,73,324.628318
39609,125,324.806842
73870,195,325.076122
9714,47,325.151917
59208,141,325.337422
11144,47,325.407235
11315,48,325.478046
11315,48,325.54786
11315,48,325.61768
19265,74,325.724387
11144,47,325.793204
11315,48,325.865012
11315,48,325.935823
11315,48,326.007603
11315,48,326.074452
-183973080,17593,349.63649
73553,324,350.09028
11149,47,350.160089
11315,48,350.230899
238276,690,351.180362
11149,47,351.250176
20265,88,351.375811
11315,48,351.444656
11315,48,351.514467
50255,165,351.73887
11149,47,351.812674
11315,48,351.881488
11315,48,351.951274
11315,48,352.022112
11315,48,352.089931
11315,48,352.160742
11315,48,352.23056
11315,48,352.298374
11315,48,352.366194
11315,48,352.438998
11315,48,352.506817
11315,48,352.573644
-249140,962,353.841251
11149,47,353.909072
11315,48,353.979881
-308878,999,355.303344
11149,47,355.382105
11315,48,355.454939
11315,48,355.526747
11315,48,355.597558
11315,48,355.669366
11315,48,355.740181
35015,288,356.123156
67982,269,356.489177
11144,47,356.558963
11315,48,356.630797
11315,48,356.695627
11315,48,356.764439
79260,169,356.991832
11164,47,357.065634
50471,164,357.29203
49886,196,357.560313
11164,47,357.634113
11315,48,357.701934
11315,48,357.770757
11315,48,357.836575
11315,48,357.911375
11315,48,357.978196
47833,526,358.674338
86786,238,358.997473
11315,48,359.06928
11315,48,359.139094
11315,48,359.210904
11315,48,359.283707
11315,48,359.357507
11315,48,359.427323
11315,48,359.498137
11315,48,359.568945
11315,48,359.640754
11315,48,359.71157
11315,48,359.780377
11315,48,359.849199
11315,48,359.920977
11315,48,359.98982
11315,48,360.059631
9815,48,360.131439
11315,48,360.19926
13865,74,360.302983
11144,47,360.371799
65149,177,360.608168
31999,167,360.838555
25911,85,360.957235
11149,47,361.029043
11315,48,361.094867
79802,616,361.91169
34689,112,362.071258
59777,558,362.807291
11329,48,362.882092
11315,48,362.954899
11315,48,363.02471
11315,48,363.09253
11315,48,363.162342
91540,295,363.569255
24311,72,363.674973
11149,47,363.743789
11315,48,363.812607
-389275124,25618,398.156826
-1113546,1661,400.377893
10649,447,400.990255
11315,48,401.06705
72398,190,401.338327
20099,87,401.466981
11315,48,401.538789
11315,48,401.609601
77017,236,401.932737
-220901,887,403.113581
11315,48,403.187383
11315,48,403.257197
11315,48,403.323023
11315,48,403.397821
11315,48,403.463642
113902,288,403.870558
59808,201,404.151807
11315,48,404.225614
-4063135,2808,407.986565
11315,48,408.062357
11315,48,408.141145
42499,121,408.309697
11144,47,408.380506
11315,48,408.451317
11315,48,408.523124
-92119,806,409.584
11315,48,409.65721
40607,190,409.916516
31799,327,410.359334
27733,573,411.128284
11144,47,411.196104
49314,162,411.419501
11149,47,411.490313
11315,48,411.562123
8565,48,411.632931
11315,48,411.70075
25867,85,411.82342
11149,47,411.896228
-454615,1314,413.623614
29531,112,413.779201
11149,47,413.853995
11315,48,413.921814
11315,48,413.991628
11315,48,414.064433
11315,48,414.137239
53961,158,414.349671
32439,124,414.527197
-253785,928,415.758905
11315,48,415.831683
61305,158,416.060101
60152,158,416.277519
11315,48,416.355309
84116,213,416.650862
9744,47,416.719683
19236,73,416.824374
9699,47,416.892219
-585239418,30984,458.459138
20099,87,458.597772
26479,74,458.708474
11149,47,458.778285
148106,584,459.588124
11144,47,459.662923
20265,88,459.785595
-194320,871,460.939518
20099,87,461.07116
-364435,1205,462.655925
-718074,1637,464.833109
11149,47,464.90591
11315,48,464.979716
25563,85,465.10538
18413,73,465.2101
11149,47,465.278915
31965,328,465.715749
25735,85,465.838421
178307,532,466.540545
11164,47,466.61335
11315,48,466.684161
11315,48,466.754975
32165,168,466.983361
25867,85,467.106034
11149,47,467.176847
27215,128,467.354375
11315,48,467.422188
11315,48,467.489011
11315,48,467.558824
11315,48,467.625644
-578755,1378,469.449771
20094,87,469.57843
11315,48,469.65223
11315,48,469.72304
11315,48,469.793853
-694732,1663,472.012921
11149,47,472.086721
26915,368,472.584396
39588,148,472.789849
11144,47,472.86365
-105757,882,474.038509
11149,47,474.113308
27215,128,474.295821
-253785,928,475.537502
11315,48,475.61031
26915,368,476.103988
35015,288,476.494943
11315,48,476.566751
24960,85,476.691418
13754,73,476.796138
8301,478,477.437427
11149,47,477.509233
11315,48,477.579052
11315,48,477.647865
11315,48,477.715681
21461,75,477.819404
-406151,1087,479.259553
11315,48,479.333358
11315,48,479.406166
-137388,922,480.626904
11154,47,480.694721
-58056985,9888,493.99418
11315,48,494.070976
-28335,568,494.838923
13965,74,494.953616
21811,72,495.061332
11149,47,495.135131
55143,564,495.891111
11149,47,495.960924
25911,85,496.085591
25745,84,496.206266
11149,47,496.273095
11315,48,496.34886
11315,48,496.420696
11315,48,496.488517
11315,48,496.562324
11315,48,496.629136
11315,48,496.699949
11315,48,496.77076
-64435,648,497.632458
11315,48,497.706258
11315,48,497.776074
75947,199,498.058319
27104,78,498.168027
11149,47,498.235847
11315,48,498.301672
32165,168,498.531059
11315,48,498.599863
11315,48,498.669703
24953,86,498.791378
11154,47,498.860194
11315,48,498.92901
11315,48,499.00381
11315,48,499.075619
11315,48,499.141443
20265,88,499.267107
11315,48,499.33692
-1387785,1892,501.844219
-288835,968,503.146741
11315,48,503.219545
11315,48,503.288361
11315,48,503.360169
11315,48,503.429982
11315,48,503.500793
27215,128,503.682308
11315,48,503.757108
11315,48,503.82792
11315,48,503.89873
11315,48,503.970538
11315,48,504.040358
26295,73,504.143077
34849,287,504.53104
39755,125,504.704576
11315,48,504.777382
-325885,1008,506.106831
11315,48,506.178643
-1486885,1808,508.574235
32165,168,508.808611
-11383036,4637,515.070874
11144,47,515.142683
43455,154,515.355115
24802,85,515.482774
65119,241,515.8099
25076,86,515.933569
36997,124,516.109102
32004,167,516.340484
11315,48,516.413287
73865,284,516.791277
11149,47,516.868072
27095,404,517.409627
34849,287,517.803572
40010,125,517.976111
26229,114,518.137679
11149,47,518.207492
11315,48,518.276308
78496,521,518.966465
11149,47,519.041267
11315,48,519.115068
11315,48,519.185878
11315,48,519.257686
11315,48,519.328497
25210,85,519.446182
84348,175,519.68654
11149,47,519.761345
25911,85,519.880023
11149,47,519.950833
26915,368,520.44252
25807,84,520.560206
21548,76,520.672875
11144,47,520.744715
11315,48,520.821508
11315,48,520.894313
-1369968,1837,523.337786
24485,77,523.454472
11149,47,523.523287
11315,48,523.593101
11315,48,523.665907
27822,79,523.7806
11144,47,523.849416
11315,48,523.916237
11315,48,523.988045
26071,84,524.107725
11149,47,524.179534
11315,48,524.248349
11315,48,524.320163
34685,120,524.484719
-105905,882,525.679525
11154,47,525.750336
11315,48,525.816162
-2414171,2365,529.660046
11149,47,529.717893
11315,48,529.778731
11315,48,529.844554
11315,48,529.909886
26027,84,530.014635
11149,47,530.074098
32165,168,530.292488
-33681769,7718,540.70257
11149,47,540.759412
11315,48,540.817258
55879,205,541.065593
24840,84,541.167322
11154,47,541.222175
11315,48,541.281436
32165,168,541.484893
35015,288,541.823986
11315,48,541.883827
11315,48,541.942669
11315,48,542.00251
11315,48,542.061354
25252,85,542.165075
9654,47,542.220929
89081,353,542.637847
11149,47,542.692692
11315,48,542.752535
11315,48,542.811351
38219,119,542.953997
-326051,1007,544.155862
11315,48,544.213707
27114,74,544.301473
11149,47,544.361314
11315,48,544.420719
11315,48,544.480556
