#{"t_start": 1685734233.8941262, "env_id": null}
r,l,t
1463,497,2.46673
11315,48,2.533073
35474,546,3.261333
69373,400,3.763248
11149,47,3.834106
26295,113,3.979264
13799,73,4.085072
54861,205,4.343955
19704,407,6.631281
31965,328,7.079086
40069,104,7.222701
11144,47,7.290519
56201,205,7.576823
20104,87,7.707505
64880,242,8.054666
69912,198,8.344862
52660,169,8.588212
42908,164,8.833557
50195,193,9.118886
27064,127,11.167243
32165,168,11.417985
19236,73,11.53125
48122,164,11.774164
165909,708,12.823953
27064,127,13.024448
35760,193,13.318691
47532,157,13.564007
18997,432,16.105007
45754,113,16.281509
27044,127,16.47216
37482,125,16.664711
66035,283,17.081597
77072,323,17.579298
42989,118,17.765803
87931,232,18.122949
130269,298,18.591766
26749,367,21.063177
53231,205,21.373352
27049,127,21.563922
49385,146,21.786424
55427,559,22.611724
17715,88,22.756342
61634,406,23.377414
36065,248,23.763409
42342,791,26.856673
67054,438,27.518902
20265,88,27.663516
60940,205,27.984663
47501,169,28.25604
11149,47,28.334393
50342,206,28.661031
35115,208,28.992152
11315,48,29.082904
193151,714,32.014235
26799,73,32.128955
155564,316,32.61366
20114,87,32.752289
39161,124,32.946307
115289,216,33.28145
34949,207,33.610516
86145,268,34.03538
85922,277,36.360233
25128,84,36.489892
48652,158,36.726823
106126,229,37.064616
20099,87,37.199319
11315,48,37.275165
38436,125,37.464231
32497,124,37.656718
27049,127,37.857211
42971,166,38.112533
37219,154,38.354419
41314,141,38.577914
39542,108,38.754472
47157,109,38.93606
31794,327,41.318436
27215,128,41.510429
20265,88,41.645106
26915,368,42.186652
11315,48,42.2614
57005,405,42.854099
40825,393,43.460452
34919,117,43.649536
20094,87,43.790165
32984,126,43.995674
11149,47,44.078484
24960,85,44.221611
27054,127,46.30492
69230,442,46.95621
11315,48,47.031981
11315,48,47.108776
11315,48,47.18065
25563,85,47.310867
35899,247,47.691493
-286650,1269,51.515587
99580,214,51.836364
32165,168,52.085743
59082,227,52.427493
35899,247,52.810469
18627,74,52.932145
13146,519,53.715333
11144,47,53.794519
36065,248,54.18565
21933,73,54.308322
27049,127,56.385589
20265,88,56.521226
105351,316,56.986531
43642,154,57.223938
11149,47,57.2993
63934,300,57.740684
34849,287,58.177517
35115,208,58.508198
33177,124,58.708666
19547,74,58.826917
37017,125,59.025975
26915,368,61.475528
58343,191,61.760732
66990,223,62.095438
27049,127,62.284982
32165,168,62.541892
21982,73,62.661108
20099,87,62.79927
56535,206,63.121412
43026,366,63.685342
42606,111,63.867396
224523,622,66.686243
11164,47,66.761071
20265,88,66.900702
46539,245,67.264254
35904,247,67.627221
20265,88,67.766978
11315,48,67.846766
32271,127,68.049829
74246,477,68.777576
16421,72,68.898255
11149,47,68.979038
97628,257,69.385467
40649,204,71.610255
25149,167,71.866596
63153,326,72.356288
57780,202,72.666161
20099,87,72.806816
11315,48,72.88763
23287,85,73.02782
58761,158,73.27766
20114,87,73.420279
11315,48,73.508072
-235,488,74.255111
64907,200,74.574879
11149,47,76.525888
24287,113,76.698424
27049,127,76.891882
22249,193,77.18423
34949,207,77.48948
43278,113,77.675052
38084,107,77.839149
20094,87,77.979804
27215,128,78.181262
20265,88,78.318868
130622,359,78.872262
107127,286,79.316475
77526,550,82.032742
20099,87,82.167356
51167,204,82.468587
207850,360,83.018765
50940,163,83.273085
54605,243,83.651047
54574,204,83.983704
36789,145,84.228612
20099,87,84.370768
33707,116,84.559362
32001,125,86.695617
64698,195,86.988462
86048,616,87.91896
11149,47,88.000308
27215,128,88.221928
25090,153,88.498979
38771,124,88.704024
11149,47,88.783359
24250,558,89.693468
11149,47,89.779268
36065,248,92.099088
20265,88,92.240745
35115,208,92.560063
20265,88,92.696238
64700,277,93.108856
24547,73,93.227539
82099,315,93.7035
191213,450,94.402929
20099,87,94.549173
27215,128,94.759677
11315,48,94.851595
11315,48,94.945315
11315,48,95.029153
87266,272,97.328942
20265,88,97.471031
32165,168,97.732398
61751,244,98.103197
11149,47,98.193492
25807,84,98.33516
11149,47,98.419963
20265,88,98.567637
26295,113,98.770201
-57624,755,99.93859
11154,47,100.020345
35115,208,102.264324
11315,48,102.343185
109689,293,102.790758
35899,247,103.166772
227160,654,104.196451
23335,86,104.346208
11154,47,104.430545
49730,402,105.098121
20099,87,105.254267
11315,48,105.34413
11315,48,105.430466
35015,288,107.774404
33089,124,107.97493
27049,127,108.180896
50131,165,108.435874
41040,117,108.618954
30590,116,108.795499
11144,47,108.870456
62815,153,109.11091
57550,274,109.544976
11164,47,109.631786
135653,375,110.223865
43349,118,110.421932
56987,320,112.847821
34949,207,113.167475
67184,142,113.407044
47898,185,113.685808
58088,204,114.009479
59098,195,114.323345
11149,47,114.404723
81797,238,114.778785
20099,87,114.92795
60363,236,115.294641
31950,124,115.499696
34954,207,117.707017
42715,244,118.072041
20099,87,118.204687
20265,88,118.341295
50379,165,118.589228
25833,84,118.715893
24794,84,118.847606
71863,238,119.216254
27049,127,119.414725
27215,128,119.619178
47819,245,119.998166
25591,85,120.137336
38104,124,120.340827
13699,73,120.459537
11144,47,120.537866
20265,88,120.68195
119473,433,123.208575
38450,125,123.400548
36705,125,123.590072
32004,167,123.847921
11315,48,123.927737
267743,652,124.935062
31994,167,125.205338
27215,128,125.410357
20265,88,125.55001
121834,379,128.011324
25833,84,128.144966
86853,235,128.497055
51751,140,128.7045
20094,87,128.839711
11315,48,128.914075
64194,284,129.336044
32165,168,129.600338
25929,86,129.740962
55685,386,130.333472
157993,365,130.910591
42737,118,132.959446
20099,87,133.092091
79428,219,133.415821
11144,47,133.490591
11315,48,133.568414
35115,208,133.895181
31965,328,134.39239
11315,48,134.471176
105731,307,134.949496
-64601,647,137.830532
33721,115,138.007627
38553,124,138.193132
32165,168,138.443497
87891,220,138.773346
11144,47,138.847147
31965,328,139.34881
36065,248,139.732293
20265,88,139.877911
49131,166,140.142738
20265,88,140.285916
35015,288,140.731796
34207,96,140.891341
34849,287,143.2059
27215,128,143.401409
25692,85,143.528607
20099,87,143.663195
27215,128,143.861202
11315,48,143.938026
32165,168,144.194339
11315,48,144.275124
187288,777,145.466113
11315,48,145.544874
35015,288,145.997693
58785,285,148.29639
148244,634,149.246006
11164,47,149.321805
11315,48,149.399596
11315,48,149.4744
49143,165,149.736776
21295,74,149.864954
11149,47,149.944252
35115,208,150.268891
17554,565,153.023501
62875,393,153.605101
31999,167,153.85344
11315,48,153.930229
32165,168,154.198512
52665,150,154.434977
25949,83,154.570614
43960,232,154.926261
19699,407,155.554584
11315,48,155.63337
68642,362,158.074803
20076,113,158.247469
11149,47,158.322272
63551,240,158.679317
61791,242,159.043349
20104,87,159.176557
68441,232,159.533698
27044,127,159.736258
40329,215,160.072887
20094,87,160.213541
95886,321,160.716271
84549,430,163.257495
37073,124,163.445964
33546,115,163.620497
-401,487,164.338148
44029,116,164.519696
44664,165,164.774119
11315,48,164.852878
26991,76,164.983556
31999,167,165.24486
11315,48,165.324644
20265,88,165.470228
32165,168,165.736116
64710,140,165.958555
27117,78,166.096844
53626,140,168.194448
27049,127,168.387929
25807,84,168.51459
24876,84,168.642287
11154,47,168.718088
91555,291,169.156054
20099,87,169.294248
66737,237,169.660837
46147,178,169.93607
21247,74,170.057746
35899,247,170.438787
11315,48,170.517608
20265,88,170.659793
21933,73,170.780005
53700,244,171.165078
35115,208,173.358494
20265,88,173.495662
27215,128,173.68827
34565,114,173.869872
49750,205,174.175161
64717,166,174.426999
70291,248,174.811942
32947,116,174.995478
34949,207,175.318217
11315,48,175.399038
49454,166,175.663363
27920,79,175.794026
25478,84,175.931254
43278,119,176.123279
72287,587,178.872033
38771,124,179.061558
65609,282,179.477011
34949,207,179.794192
115356,544,180.631526
35894,247,181.018515
92216,547,183.715175
32801,124,183.902729
42887,165,184.147949
11315,48,184.225745
24811,77,184.353936
35594,152,184.589439
177954,289,185.025275
38855,124,185.222749
16649,73,185.342399
37113,164,185.600281
155156,467,186.331566
54412,229,188.546287
31994,167,188.797633
35015,288,189.224557
105756,259,189.612186
31999,167,189.880498
27215,128,190.081931
11315,48,190.159724
105887,252,190.546286
39107,124,190.74775
27049,127,190.950725
60796,201,191.269502
51495,430,193.810521
50511,316,194.296585
38992,148,194.524004
41044,405,195.134347
11315,48,195.214133
58542,140,195.43433
72334,183,195.723235
86968,457,196.438477
55429,218,198.653452
27044,127,198.843915
49640,148,199.067346
27044,127,199.267844
20265,88,199.410493
36065,248,199.787513
56364,587,200.677163
82660,416,201.319186
31794,327,203.696752
59361,271,204.100294
13749,73,204.214021
31994,167,204.467949
35015,288,204.908866
11315,48,204.988682
12448,193,205.287882
42934,564,206.157314
11315,48,206.243083
24341,77,206.375268
94368,231,208.622533
315535,720,209.695966
34949,207,210.022066
62868,324,210.537199
154978,397,211.223073
11149,47,211.305856
20265,88,211.459488
60610,365,213.912601
20265,88,214.047244
27215,128,214.237741
167663,312,214.714052
78230,236,215.075116
66797,244,215.448504
20099,87,215.593693
19865,408,216.223615
23357,84,216.359813
27409,75,216.48402
105931,261,218.783221
48388,205,219.094417
61462,219,219.419583
26764,367,220.004421
39629,113,220.18095
11149,47,220.259712
64832,285,220.702556
20265,88,220.847172
44395,164,221.122464
58019,394,221.770291
47359,128,223.859067
24869,85,223.989718
11154,47,224.066513
27215,128,224.262553
25126,85,224.394234
27054,127,224.584756
37857,166,224.834164
199376,497,225.5927
11315,48,225.67451
32165,168,225.937347
49546,166,226.194691
31781,117,226.384789
125713,292,226.840114
20099,87,228.85103
16587,73,228.963728
27049,127,229.154755
27215,128,229.349265
61694,423,229.98926
93005,357,230.532809
72810,281,230.971609
47272,164,231.233999
20104,87,231.376156
24871,86,231.516782
78142,259,231.927683
42207,106,233.970399
11144,47,234.04323
133708,298,234.48664
32165,168,234.738636
25895,84,234.874244
11149,47,234.951041
24953,86,235.088701
40052,156,235.335042
129304,318,235.815299
20099,87,235.954963
33133,124,236.149944
24199,113,236.334988
72355,236,236.701154
31999,167,236.965448
27215,128,239.035296
67085,236,239.392569
163356,338,239.894308
44254,160,240.135636
37492,325,240.631354
37760,125,240.83335
11315,48,240.911144
121887,299,241.378089
48911,156,241.629497
71992,283,243.947615
11315,48,244.023412
36065,248,244.389525
32957,124,244.577068
20099,87,244.707226
20265,88,244.847414
32663,125,245.034885
21669,72,245.145589
11149,47,245.218423
57024,180,245.487705
60334,244,245.85977
11149,47,245.940554
11315,48,246.025359
30594,95,246.180056
11144,47,246.257325
27215,128,246.462373
37925,107,246.645882
11149,47,246.723647
11814,605,249.519692
11154,47,249.593061
70430,315,250.062879
33521,192,250.365044
20099,87,250.503672
253793,665,251.518289
48768,165,251.778565
25488,84,251.919216
11149,47,251.999973
21714,77,252.130652
35894,247,254.373878
61553,302,254.827278
11144,47,254.901052
20265,88,255.03971
42202,148,255.265108
73209,401,255.871116
59584,283,256.311101
11154,47,256.390892
11315,48,256.473669
27215,128,256.684109
60703,150,256.924466
56766,596,259.694595
11144,47,259.767401
-397910,1381,261.857156
31999,167,262.131418
94571,295,264.448293
26744,367,264.987414
11315,48,265.067201
11315,48,265.14699
71049,359,265.700542
32165,168,265.961944
58640,179,266.243293
27049,127,266.447775
27215,128,266.651232
50659,205,266.970348
93562,317,269.350384
21933,73,269.462647
34849,287,269.889507
11315,48,269.964307
33265,124,270.152806
35899,247,270.521854
25955,85,270.656523
27049,127,270.866012
23237,85,271.000131
11154,47,271.078948
50283,165,271.343214
35115,208,271.662389
27215,128,271.870345
11315,48,271.953684
27215,128,272.161166
20265,88,274.18998
27215,128,274.384592
65644,137,274.586053
-71945,797,275.750144
11149,47,275.822949
20265,88,275.970526
121505,351,276.518094
11149,47,276.597879
-64435,648,279.473695
207889,538,280.271558
3049,473,280.988904
11144,47,281.067726
60834,406,281.688701
66491,445,284.260234
25089,136,284.467244
11159,47,284.546033
27215,128,284.739516
27215,128,284.932001
25563,85,285.065645
60871,266,285.460137
27049,127,285.660627
11315,48,285.735398
24919,85,285.875795
27054,127,286.073395
21559,75,286.194644
42997,118,286.382141
11149,47,286.461928
27215,128,286.66339
11315,48,286.741183
11315,48,286.820968
16765,74,286.945635
31994,167,287.213334
38969,125,289.289156
11315,48,289.366513
20265,88,289.504146
19165,74,289.61884
35894,247,289.978877
27640,78,290.102546
34149,135,290.307
54611,157,290.539351
11149,47,290.613181
11315,48,290.688976
71765,367,291.243715
115591,367,291.810833
26749,367,294.259584
36065,248,294.632635
20265,88,294.770267
37320,125,294.9568
11154,47,295.030608
39189,125,295.223083
67178,347,295.760215
26819,112,295.938339
73175,320,296.438085
25548,85,296.582232
201874,504,297.357669
37691,165,299.538324
34949,207,299.868136
261848,518,300.64852
11149,47,300.733267
32165,168,301.008621
116369,239,301.385653
61596,147,301.626175
20099,87,301.78525
50347,164,302.06008
11149,47,302.139869
47545,204,302.466137
61382,154,304.611965
63758,192,304.905747
59528,157,305.154117
20099,87,305.296266
11315,48,305.375925
37114,126,305.572593
34615,109,305.738253
27044,127,305.933737
62094,233,306.29756
11149,47,306.379889
20265,88,306.530592
57343,186,306.825952
70804,234,307.195528
96883,220,307.574494
27049,127,307.789428
57931,159,309.932931
25744,83,310.07217
43825,625,310.984461
37916,164,311.246829
118516,352,311.785536
25143,84,311.931681
32796,123,312.133019
11149,47,312.211866
40115,404,312.829951
106424,323,315.187683
38109,117,315.372848
11149,47,315.445653
46092,205,315.761377
65396,149,316.005563
20109,87,316.153878
11315,48,316.243231
27215,128,316.448411
105860,392,317.069474
30276,522,317.871207
11154,47,317.960977
20265,88,319.989936
36065,248,320.361098
20261,113,320.53663
27049,127,320.730086
20265,88,320.862758
60153,202,321.168977
97100,277,321.591967
68683,238,321.961108
20099,87,322.102701
11315,48,322.181492
34944,113,322.363041
31999,167,322.629294
38371,164,322.891197
61369,555,325.598837
34964,207,325.912538
51836,157,326.144985
51059,163,326.390886
31999,167,326.65126
45365,165,326.913158
45756,115,327.095667
24314,73,327.218313
27044,127,327.422793
20265,88,327.56641
44563,164,327.826753
113979,315,330.195306
-2231,721,331.290086
24665,675,332.315479
27049,127,332.517424
20265,88,332.660042
20265,88,332.805657
11315,48,332.886558
11315,48,332.965913
27215,128,335.046615
64543,196,335.341829
92779,331,335.830583
20094,87,335.964762
11315,48,336.041126
27215,128,336.236733
20265,88,336.37935
11315,48,336.459135
18595,73,336.580784
52407,190,336.86904
60444,243,337.243103
20265,88,337.384724
20265,88,337.533302
11315,48,337.612626
25911,85,337.751297
20099,87,337.895486
9965,48,337.974275
20265,88,338.118889
27215,128,340.189357
65947,148,340.412243
-31991,713,341.458739
25832,83,341.585403
67841,277,342.019281
11149,47,342.096069
70715,175,342.369965
27049,127,342.575545
64316,151,342.814871
69214,191,343.124074
64027,178,345.267377
11149,47,345.350182
27805,77,345.470863
11144,47,345.544666
203314,365,346.079753
20099,87,346.233342
27215,128,346.429844
115427,383,347.010916
35904,177,347.293783
49917,164,347.553139
38265,154,347.802444
27044,127,348.00493
114128,364,350.432917
61364,152,350.664341
31994,167,350.916238
35115,208,351.228397
35015,288,351.668729
135561,351,352.209823
41223,203,352.529047
70249,190,352.835271
60597,290,353.287093
11149,47,355.231257
27215,128,355.423772
24912,86,355.554426
54059,159,355.798848
11144,47,355.876144
37685,114,356.050188
30829,99,356.20178
11144,47,356.277578
32165,168,356.528908
11315,48,356.603705
43529,117,356.787218
11149,47,356.866482
26663,75,356.990208
11149,47,357.06803
48550,147,357.298445
138893,348,357.840196
64349,194,358.150364
20094,87,358.292986
20265,88,360.309083
11315,48,360.383855
32165,168,360.639703
20265,88,360.776338
27215,128,360.970819
68464,326,361.453655
25035,86,361.588299
20104,87,361.719953
27215,128,361.912469
11315,48,361.986835
27215,128,362.191356
25851,84,362.331519
11149,47,362.411305
45463,207,362.737405
49600,140,362.958841
11149,47,363.038628
59039,346,365.48689
20099,87,365.62705
-40653,765,366.75626
78493,266,367.171763
49657,165,367.442327
11315,48,367.530696
129462,539,368.356954
93679,250,370.653554
11149,47,370.737333
72425,226,371.114835
33437,114,371.318336
52261,195,371.62512
56146,246,372.015562
34954,207,372.343252
11315,48,372.427592
11315,48,372.508404
99504,270,372.939835
53212,306,373.419899
27049,127,373.632891
32165,168,375.760559
20265,88,375.905739
76853,414,376.526575
11144,47,376.608362
37720,165,376.868731
55649,205,377.19415
20265,88,377.349796
11315,48,377.439527
113006,426,378.100429
106806,214,378.450546
48860,171,378.731827
64831,245,381.004166
117488,424,381.638136
188313,373,382.193378
43897,164,382.446894
69916,580,383.342942
31999,167,383.617798
27215,128,383.837727
67864,326,386.276432
20265,88,386.41307
40230,367,386.946313
11315,48,387.02208
61751,244,387.380125
11149,47,387.453927
20265,88,387.591587
36330,116,387.772666
51370,205,388.082868
58240,325,388.577218
20350,113,388.753777
2423,273,391.027801
71242,285,391.464195
-68367,784,392.648752
92899,173,392.920587
31999,167,393.188903
69851,324,393.728584
11315,48,393.810393
31965,328,396.178835
11315,48,396.262383
11315,48,396.337183
40585,233,396.68839
11149,47,396.763189
34644,95,396.912789
10094,167,397.165115
20265,88,397.302747
11315,48,397.378545
26277,114,397.553078
42641,165,397.816542
11315,48,397.89536
53479,205,398.219192
11149,47,398.296985
58985,205,398.620121
20265,88,398.767725
20265,88,398.92331
38885,153,401.05398
34949,207,401.361348
48105,166,401.610186
24472,79,401.734856
39331,123,401.919372
139025,309,402.381635
48529,243,402.754671
70265,264,403.161196
11149,47,403.241012
31985,117,403.441477
27049,127,403.643907
11315,48,403.723724
11315,48,403.800517
32835,125,403.998471
32186,124,406.065772
34854,287,406.495148
49324,164,406.741488
20099,87,406.874135
73675,231,407.219184
20099,87,407.359867
64501,234,407.722756
11315,48,407.802111
47377,204,408.116833
11149,47,408.195622
72594,233,408.557652
54437,186,408.857391
35125,138,409.077888
30045,112,411.129609
70089,481,411.865154
27415,98,412.035314
27049,127,412.24441
32165,168,412.504236
50559,386,413.112982
46442,130,413.329963
-52884,632,416.206711
11149,47,416.284501
13965,74,416.404012
42062,165,416.656002
27215,128,416.85775
39021,125,417.052824
61362,190,417.356802
48791,165,417.62079
98370,327,418.124058
20094,87,418.279642
25252,85,418.431802
11154,47,418.511587
27215,128,418.725529
11315,48,418.804316
27215,128,419.017938
11315,48,419.101718
11315,48,419.18555
25955,85,419.335175
56974,203,421.546318
32004,167,421.798293
24965,74,421.922963
71063,256,422.311468
25832,83,422.450236
66395,176,422.734249
74508,401,423.351879
25002,84,423.497055
20104,87,423.646311
87241,319,424.142102
41861,118,424.341604
42522,117,424.533666
34949,207,426.735427
66961,283,427.161316
48893,144,427.395825
19119,72,427.510548
43182,110,427.69062
11144,47,427.778948
44467,166,428.03883
20265,88,428.187462
11315,48,428.274796
118082,246,428.653825
43803,278,429.08985
76439,470,431.692311
11149,47,431.77213
11315,48,431.850749
11315,48,431.932503
20265,88,432.075179
11315,48,432.159857
20265,88,432.30749
73801,305,432.773417
11144,47,432.857731
20265,88,433.005365
27215,128,433.213672
29745,105,433.398209
11149,47,433.479992
27215,128,433.688498
20265,88,433.843938
20265,88,433.999525
11315,48,434.082926
33143,125,434.291399
11149,47,434.376958
47713,204,434.705313
38081,165,434.97056
112847,341,437.353179
21944,522,438.123894
76443,266,438.528356
79792,224,438.891498
124223,265,439.314453
20099,87,439.467414
55287,204,439.801587
51009,165,441.960284
44701,113,442.141955
105509,318,442.615864
51094,164,442.870749
11315,48,442.954495
39060,139,443.179528
61603,507,443.955957
11144,47,444.039706
11315,48,444.127039
32165,168,444.399862
35115,208,444.730006
49658,319,447.130266
27049,127,447.331894
35015,288,447.761605
20265,88,447.903021
20265,88,448.04467
27215,128,448.247493
39435,155,448.505428
18921,485,449.241206
57894,171,449.519382
63546,314,450.01235
68245,363,452.466529
11154,47,452.543325
35115,208,452.865656
11315,48,452.946439
11315,48,453.027223
11315,48,453.104144
11315,48,453.186489
70156,239,453.54316
11149,47,453.624913
53220,245,454.011246
42169,173,454.299536
36906,124,454.504063
60307,131,454.716559
11144,47,454.805291
32165,168,455.07928
27215,128,455.292317
57884,191,457.496435
27049,127,457.69453
39081,156,457.931699
20099,87,458.078939
25178,113,458.256436
29579,104,458.418274
116188,353,458.952734
35894,247,459.344817
20265,88,459.497417
11315,48,459.587041
20265,88,459.736207
20265,88,459.89551
29745,105,460.072067
27049,127,460.287616
11315,48,460.370958
11315,48,460.457758
81615,190,462.638599
37763,165,462.897482
-102129,726,463.975646
57391,187,464.266578
119497,662,465.294449
48640,138,465.523492
20099,87,465.69005
25001,85,467.70848
32642,125,467.90568
42937,233,468.258693
24547,76,468.382873
11144,47,468.461666
65009,170,468.72969
39966,204,469.050455
47102,165,469.311786
35115,208,469.638048
32165,168,469.911444
20265,88,470.066127
20265,88,470.225341
53185,140,470.452816
13744,73,470.580978
11144,47,470.66179
20265,88,470.822407
5983,525,473.482359
43869,165,473.734731
64345,195,474.034489
29495,192,474.341715
24316,72,474.471398
98075,373,475.046957
78958,275,475.48949
11149,47,475.576262
27215,128,475.79211
112134,338,478.198013
42160,165,478.451974
31834,152,478.683683
19699,407,479.289332
-45385,608,480.224566
84339,268,480.653432
31999,167,480.925307
54078,158,483.062214
-57471,915,484.404922
16549,73,484.52464
11144,47,484.60299
11315,48,484.68178
38371,164,484.940626
55810,205,485.268968
20265,88,485.418111
32165,168,485.685514
29155,108,485.866103
31994,167,488.013948
20265,88,488.154719
58774,152,488.395082
29794,104,488.559249
11268,718,489.635609
11164,47,489.720354
36065,248,490.108912
45507,365,490.681833
21357,77,490.817474
36493,395,493.32148
216489,385,493.905104
19694,407,494.514412
24261,75,494.649585
43136,165,494.915862
50407,165,495.190691
52215,159,495.44792
16599,73,495.583125
19592,604,498.469404
11315,48,498.552186
43476,113,498.729316
35899,247,499.107084
64394,189,499.394174
-158837,908,500.825292
76860,197,501.151798
20099,87,501.291426
33241,126,503.349112
56654,202,503.656264
60604,383,504.225012
73386,281,504.653432
20095,112,504.828935
11149,47,504.909748
11315,48,504.987546
32165,168,505.248406
22523,113,505.430438
20265,88,505.57408
26887,77,505.699744
38939,124,505.897755
84345,222,506.245359
41035,356,508.670265
20099,87,508.806933
32394,233,509.151055
25773,83,509.278307
27049,127,509.477746
11315,48,509.556535
-82521,1027,511.109217
53861,134,511.323988
25349,84,511.465911
49593,164,513.599356
64352,221,513.925485
117609,1003,515.403368
25833,84,515.541771
20099,87,515.689404
11315,48,515.770188
11315,48,515.84901
43769,117,516.040035
27049,127,516.244488
11315,48,516.325273
11315,48,516.404063
11315,48,516.485844
46470,111,518.613505
-1467843,2344,524.019817
68548,148,524.241821
27215,128,524.436301
34285,109,524.604856
11144,47,524.680655
11315,48,524.75542
139939,272,525.176452
82920,190,525.473693
34964,207,525.79547
20265,88,525.944074
20265,88,526.089684
11315,48,526.172465
20265,88,526.315081
11315,48,526.402847
37900,166,526.663158
27049,127,528.740809
11315,48,528.816253
-336159,1575,531.181803
20099,87,531.327446
20265,88,531.474055
82751,224,533.700062
43287,164,533.9484
27049,127,534.140883
20265,88,534.272532
24871,86,534.405714
13754,73,534.523399
11144,47,534.59726
24960,85,534.726886
20104,87,534.861561
20265,88,534.995792
20265,88,535.131429
35115,208,535.44559
11315,48,535.529366
11315,48,535.613144
36650,120,535.802636
33103,124,536.000615
28289,155,536.245994
38119,124,536.445033
57448,144,536.675518
45131,155,538.79062
20099,87,538.925261
-13296712,5109,550.298974
11164,47,550.37676
11315,48,550.457515
53479,205,550.78367
81399,226,551.139261
38865,124,551.340754
19168,72,551.462466
28713,113,551.64904
27049,127,553.709868
9815,48,553.785641
11315,48,553.866453
11315,48,553.941257
32365,108,554.101797
31994,167,554.352185
20265,88,554.486854
11315,48,554.562623
11315,48,554.63748
25168,85,554.76969
38633,126,554.971279
30065,154,555.20762
11144,47,555.282419
53442,524,556.074268
11315,48,556.155298
66061,145,556.385535
25541,84,556.532254
26214,115,556.716612
11144,47,558.659827
11315,48,558.735598
48044,165,558.982966
24676,84,559.112622
20104,87,559.249249
116331,310,559.713578
11159,47,559.789349
11315,48,559.866202
11315,48,559.944964
11315,48,560.018796
20265,88,560.159929
11315,48,560.23772
11315,48,560.318504
20265,88,560.455136
11315,48,560.531906
78641,237,560.894936
32967,123,561.090441
73291,177,561.37132
11149,47,561.451104
-166747,1245,565.162169
31894,124,565.352659
34954,207,565.675796
11315,48,565.755585
20265,88,565.897206
11315,48,565.974996
21461,75,566.100692
-21698,1118,569.762377
-31702492,7598,588.775275
11149,47,588.855095
41899,147,589.083565
60939,136,589.306063
50061,163,589.565331
24705,85,589.70852
33929,107,589.888233
42330,164,590.144679
11154,47,590.236406
20265,88,590.381021
32165,168,590.648901
90575,237,591.018447
11149,47,591.100742
58056,266,591.520405
50067,144,591.764431
44649,163,593.90354
42190,120,594.096031
20094,87,594.23665
38695,116,594.41873
20099,87,594.565423
31079,146,594.801299
11149,47,594.882084
11315,48,594.966428
24783,79,595.104187
11144,47,595.187529
20265,88,595.3349
11315,48,595.415688
11315,48,595.500461
26115,84,595.638067
24910,85,595.791294
20104,87,595.942368
34307,353,596.488526
11149,47,596.576325
36871,126,596.784303
37731,124,596.990414
11154,47,597.076217
20265,88,599.123089
11315,48,599.205405
32394,125,599.403908
38423,125,599.594023
20265,88,599.734643
59771,198,600.04745
11149,47,600.130997
11315,48,600.214801
11315,48,600.298579
61656,587,601.191525
47272,164,601.456414
60606,196,601.767598
37490,107,601.94959
11144,47,602.027331
20265,88,602.182773
-576755,1551,606.388935
52263,161,606.660287
32928,124,606.873329
11149,47,606.964696
11315,48,607.051545
11315,48,607.138881
20265,88,607.292261
26229,114,609.387096
31999,167,609.643977
27215,128,609.850935
11315,48,609.93371
42779,114,610.11024
20099,87,610.24744
32706,125,610.448421
60771,192,610.752832
31999,167,611.022361
11315,48,611.109585
25867,85,611.252204
11149,47,611.337038
20265,88,611.487201
13865,74,611.617908
21122,76,611.750552
36741,110,611.939613
25685,83,612.078951
74526,278,612.511399
148754,373,614.965872
36948,125,615.161855
20104,87,615.305472
27215,128,615.505965
20265,88,615.647651
11315,48,615.728973
11315,48,615.80879
11315,48,615.889612
30519,106,616.062149
32331,101,616.234689
11144,47,616.317439
-16171033,5710,630.583979
54985,206,630.898819
63810,182,631.191673
31999,167,631.460157
27215,128,631.670668
20265,88,631.832263
25735,85,631.97887
25591,85,632.129974
80494,183,632.434776
11159,47,632.520576
20265,88,632.674267
40265,125,632.881852
11315,48,634.860888
51295,166,635.119261
96215,425,635.760301
38033,164,636.023659
57421,155,636.27558
26497,74,636.403778
48026,158,636.659736
47904,159,636.915735
27044,127,637.124301
25735,85,637.279685
11149,47,637.363006
27215,128,637.572984
25563,85,637.716235
78243,518,640.400905
26949,73,640.522578
27044,127,640.723015
55879,205,641.032269
43758,155,641.270885
11149,47,641.348741
27215,128,641.553359
77105,194,641.848741
11144,47,641.936536
32165,168,642.207837
112101,332,642.728851
-181779,993,646.12674
32889,124,646.326919
27049,127,646.521591
56506,143,646.740518
52589,205,647.059685
11315,48,647.14394
60120,139,647.37791
11149,47,647.466673
36065,248,647.86125
11315,48,647.948988
20265,88,648.102152
24878,85,648.248795
11154,47,648.340086
20265,88,650.348168
11315,48,650.42752
53006,180,650.704756
20094,87,650.845012
11315,48,650.925424
55641,157,651.1698
36328,232,651.526531
66599,182,651.817715
20094,87,651.963862
38111,165,652.227259
33599,193,652.532503
20094,87,652.685097
83584,258,653.091851
37223,156,653.346853
20099,87,653.496482
49470,214,655.695534
20099,87,655.840846
48288,165,656.099254
43178,119,656.289339
-5960161,3591,665.457862
25793,85,665.594192
20099,87,665.738367
283672,566,666.570432
42920,197,666.881732
31999,167,667.15161
44376,113,667.339734
39973,205,667.659443
34694,112,667.849025
11149,47,667.927815
32165,168,668.219721
11315,48,668.300536
35015,288,670.654909
84279,260,671.045357
20099,87,671.182601
116295,379,671.754274
13428,72,671.879475
39589,124,672.081972
19127,96,672.242573
43904,140,672.478945
107389,392,673.094981
59497,241,673.482169
70531,269,675.789773
53044,244,676.167746
102912,232,676.517413
59425,230,676.862843
20099,87,677.003468
55425,203,677.30885
113960,235,677.679489
27044,127,677.885971
25252,85,678.034548
11154,47,678.116865
58721,249,678.51484
20094,87,678.669556
39161,124,680.781147
53423,187,681.077027
93182,546,681.916973
27049,127,682.12856
20265,88,682.284177
35115,208,682.614966
76217,435,683.311888
31049,207,683.645668
37593,126,683.868049
20265,88,684.037353
35015,288,686.376484
81349,170,686.637053
35894,247,687.013825
42345,111,687.200125
11149,47,687.276924
24919,85,687.42258
25690,83,687.564203
74186,324,688.068173
54172,152,688.319533
48035,276,688.754126
11149,47,688.838877
-197325,1221,692.542471
-401,487,693.305737
20265,88,693.452879
20265,88,693.610991
59665,140,693.84499
11149,47,693.933727
27215,128,694.143793
51064,273,696.487582
11149,47,696.561252
38885,153,696.805644
31999,167,697.066176
38519,125,697.268152
20099,87,697.405812
44535,486,698.167624
27215,128,698.382581
11315,48,698.468352
20265,88,698.621976
33715,194,698.950607
81509,237,699.338169
24645,76,699.479795
16644,73,701.494525
11213,472,702.196729
11149,47,702.279511
62695,215,702.616842
46871,166,702.883797
87396,490,703.65885
65535,202,703.991495
11144,47,704.075809
79114,278,704.529711
37965,234,706.853181
110601,415,707.46739
103727,334,707.965609
55248,141,708.186549
20109,87,708.332206
27215,128,708.537406
50581,278,708.971687
53894,283,709.41572
24869,85,709.56087
66016,253,711.829276
11149,47,711.908067
36065,248,712.286647
58749,205,712.599946
34949,207,712.923765
11315,48,713.010535
52147,236,713.382401
43781,117,713.57807
40404,155,713.824937
31794,327,714.336096
30121,107,714.518209
203467,524,717.202007
20099,87,717.348239
20265,88,717.490425
20265,88,717.63706
35115,208,717.956867
11315,48,718.036256
20265,88,718.181867
11315,48,718.266671
27215,128,718.481228
25210,85,718.62697
20104,87,718.786667
43565,234,719.157867
11144,47,719.240678
-4018368,3039,727.631969
31999,167,727.894802
92991,384,728.46948
44749,165,728.72859
20265,88,728.880837
36871,126,729.099256
31776,124,729.296819
27054,127,729.503769
11315,48,729.599055
63167,364,732.069454
20104,87,732.209675
20265,88,732.356876
57183,206,732.66774
81022,227,733.009957
22314,84,733.147153
77678,190,733.444358
64267,326,733.960663
20265,88,734.11578
11315,48,734.197594
37671,120,734.399696
35129,208,734.737683
8715,48,734.823456
42611,118,735.022432
48796,165,735.287307
20265,88,737.310763
45835,153,737.549306
10785,815,738.759566
20099,87,738.909266
38155,165,739.177672
197858,910,742.479541
20099,87,742.625711
25042,85,742.765847
33560,114,742.944424
72972,475,743.660611
38549,138,743.908514
27044,127,744.126007
16765,74,744.250702
11144,47,744.338035
20265,88,744.490601
13594,73,744.621438
59412,281,745.064413
20104,87,745.219137
38636,125,745.436212
29778,113,747.546063
55101,243,747.939458
104265,349,748.488168
11149,47,748.568986
51754,205,748.881722
34854,287,749.307851
43394,148,749.543787
305789,915,752.805017
20114,87,752.947175
26087,85,753.083898
53952,184,753.36874
164853,694,754.419804
20099,87,754.570057
11315,48,754.658823
42278,121,754.860906
56424,441,755.552782
114482,221,757.798392
91050,277,758.223511
107096,310,758.684611
11164,47,758.763401
-1192322,1928,763.578971
11149,47,763.658758
67785,245,764.031482
39581,124,764.225671
25569,84,764.366919
20099,87,764.5195
-93454021,12870,795.537614
29409,106,795.722629
11144,47,795.803417
20265,88,795.957599
33099,125,798.042651
11149,47,798.124
11315,48,798.201793
57392,190,798.490059
31994,167,798.748998
11315,48,798.830322
20265,88,798.977494
11315,48,799.057314
11315,48,799.137663
-939107,1964,803.942653
84331,236,804.312348
82065,156,804.571613
60141,170,804.850637
27044,127,805.059713
32165,168,805.340149
11315,48,805.433872
11315,48,805.51665
11315,48,805.60199
77005,362,806.169649
45400,112,808.268998
21901,76,808.388768
34949,207,808.699425
20265,88,808.837043
20265,88,808.972652
11315,48,809.050507
25939,84,809.181721
20099,87,809.312349
24485,77,809.432059
20099,87,809.567728
11315,48,809.64649
26175,85,809.788844
37857,164,810.04821
24071,72,810.166865
11149,47,810.243691
11315,48,810.319485
48321,245,810.689106
41119,136,810.910566
65145,169,811.180871
93509,267,813.460572
23191,83,813.597296
48061,165,813.854733
20265,88,813.99835
11315,48,814.078137
69845,319,814.557547
91394,268,814.96262
11149,47,815.054345
20265,88,815.206833
49158,145,815.441777
34596,116,815.631838
20094,87,815.774595
47881,204,816.096245
76872,271,818.430917
24238,76,818.566556
33104,124,818.780494
32165,168,819.062279
64981,206,819.381014
27044,127,819.580112
25779,85,819.714752
31999,167,819.969838
45610,187,820.271443
13428,72,820.395116
20099,87,820.550777
52120,205,820.876076
24753,84,821.02431
41316,203,821.343626
23191,83,821.48531
27696,156,823.621776
27044,127,823.822271
27215,128,824.022239
113345,438,824.677586
20099,87,824.834154
63684,271,825.262721
56642,159,825.518678
20114,87,825.665415
16587,73,825.794676
30683,153,826.049325
49384,192,826.356013
36565,101,826.528149
37297,126,826.737592
11315,48,826.817445
36952,126,828.895199
-34028,661,829.881155
31999,167,830.149596
51585,348,830.692297
11164,47,830.776077
74219,199,831.09595
31999,167,831.370219
20265,88,831.52046
60525,242,831.906065
24204,113,833.96348
52608,152,834.199914
37213,192,834.493748
57168,204,834.804572
64673,186,835.094014
42412,243,835.467186
84620,398,836.152932
27049,127,836.394338
25563,85,836.542427
25440,84,836.691036
51049,163,836.983643
20099,87,837.151274
11315,48,839.167642
36065,248,839.552721
27215,128,839.751696
20265,88,839.891863
11315,48,839.965696
80114,230,840.326299
35914,247,840.692581
63232,263,841.122848
59127,285,841.585848
27049,127,841.796344
20265,88,841.953469
37857,166,842.243797
34949,207,844.563027
20265,88,844.704679
56282,446,845.387628
34854,287,845.823116
20265,88,845.972716
11315,48,846.05151
72370,226,846.403929
11144,47,846.487277
71292,361,847.042389
21602,76,847.171342
41196,284,847.614091
122761,382,850.057403
20099,87,850.201585
178384,548,851.025702
146229,328,851.538432
122204,503,852.325195
24876,84,852.47517
27054,127,852.693122
11315,48,854.671315
232716,415,855.296335
35115,208,855.609208
27215,128,855.807307
146941,342,856.321073
26831,564,857.203651
46229,233,857.580927
35800,164,859.740083
11149,47,859.81842
59262,187,860.104791
21000,230,860.453431
11149,47,860.534242
62431,244,860.901985
11315,48,860.983332
37537,153,861.224285
34849,287,861.669523
20265,88,861.823061
27215,128,862.035033
89348,279,862.475825
32816,124,862.686739
49863,160,864.872857
11144,47,864.953613
35115,208,865.27186
11315,48,865.353213
20265,88,865.502804
36952,126,865.712255
89668,216,866.051541
25920,83,866.199307
46833,108,866.375985
73821,225,866.728159
19285,73,866.855044
41910,119,867.051197
38104,124,867.247211
107552,266,867.659166
75913,235,868.066857
55364,205,870.336895
20104,87,870.475552
91624,249,870.857011
36216,173,871.122866
39091,155,871.362205
41502,120,871.545229
31994,167,871.796647
57686,329,872.301406
81963,664,875.179443
54385,203,875.498662
72254,194,875.804927
11149,47,875.883257
22482,86,876.030392
11154,47,876.111747
27215,128,876.32681
46186,206,876.655607
32548,153,876.910925
64441,221,877.259736
76747,172,877.56549
102052,409,878.205885
29589,106,878.388587
47063,165,880.560995
31908,377,881.119159
24787,85,881.257325
90822,343,881.779888
11149,47,881.860705
65129,245,882.243031
20099,87,882.395655
27215,128,882.61068
28879,114,882.804192
53830,158,883.062414
-26077,789,886.161184
19699,407,886.797008
22199,78,886.930305
25233,112,887.123199
11149,47,887.199966
200332,740,888.358764
39496,147,888.602149
83387,493,891.252955
-26812,677,892.310628
27049,127,892.522553
49345,146,892.769459
11315,48,892.851781
11315,48,892.935529
42002,166,893.224821
94358,444,895.827562
20099,87,895.970744
20265,88,896.111943
138326,436,896.755497
24794,84,896.891266
20104,87,897.028497
-235,488,897.764745
40185,359,898.328745
27049,127,898.544244
31965,328,900.978644
11315,48,901.056478
11315,48,901.132105
51179,179,901.40785
11315,48,901.487666
32165,168,901.749502
30619,233,902.102075
85533,191,902.402837
41150,203,902.749947
58556,245,903.133543
80842,187,903.437366
29683,105,903.616795
90979,360,906.106613
24768,84,906.244242
11154,47,906.320641
34944,113,906.499698
60183,157,906.757239
32835,123,906.947868
128809,407,907.563523
16597,642,908.552565
25867,85,908.705718
20099,87,908.85392
11315,48,908.939659
59113,285,911.307037
34949,207,911.619519
32165,168,911.882849
36065,248,912.2869
128404,306,912.739552
27049,127,912.938656
-1479210,2199,918.084777
20114,87,918.251332
32165,168,918.527373
43379,151,918.781349
60764,149,919.031687
11149,47,919.117789
10815,448,921.709197
11315,48,921.787977
23853,445,922.467454
87665,265,922.879075
27049,127,923.085186
51766,206,923.413621
35115,208,923.74539
-235,488,926.384657
53375,273,926.8004
11149,47,926.882942
20265,88,927.025561
49389,165,927.282926
28709,117,927.469427
70694,323,927.959421
32004,167,928.23475
20265,88,928.393467
32165,168,928.665622
38453,198,928.9821
11149,47,929.072919
32165,168,929.341862
11315,48,929.419685
79167,427,931.968225
59239,204,932.289287
41360,312,932.768399
68895,249,933.150545
31999,167,933.422882
11315,48,933.508681
72933,319,934.006492
50411,188,934.313264
11164,47,934.400988
20265,88,934.55664
28535,99,934.733763
39410,123,936.820942
-229765,1038,938.342546
11154,47,938.419342
35760,193,938.735914
-13451,527,939.559586
38958,105,939.741175
20099,87,941.772254
11315,48,941.851047
49062,157,942.099708
23714,562,942.936732
38275,124,943.148814
35547,123,943.352854
56263,266,943.790421
-212872,884,947.02432
101813,226,947.36972
11315,48,947.455465
11315,48,947.536278
-125004,921,948.918382
28879,114,949.109048
34849,287,949.556111
49031,159,949.824396
11149,47,949.912542
32165,168,952.05462
42475,167,952.32989
11154,47,952.406713
27215,128,952.618753
11315,48,952.69953
10815,448,953.388914
16715,74,953.510589
76880,196,953.819397
38919,187,954.123156
64509,197,954.436917
35115,208,954.775559
11315,48,954.86438
42164,166,955.132986
51353,137,957.220589
11144,47,957.297416
20265,88,957.441037
64251,287,957.873767
56454,180,958.155087
47310,165,958.420543
-62539,804,959.647163
154874,335,960.174886
117869,355,962.591911
21349,113,962.771914
11144,47,962.849763
38853,125,963.047267
38271,192,963.340765
11149,47,963.423544
11315,48,963.507319
27011,155,963.76229
64974,322,964.2632
32004,167,964.536535
38105,134,964.762467
-401,487,967.409119
35115,208,967.725404
19315,74,967.845074
11144,47,967.93184
20265,88,968.072557
43169,118,968.26562
34949,207,968.592841
87645,320,969.098624
11149,47,969.180997
11315,48,969.264744
35115,208,969.595172
11315,48,969.678976
20265,88,969.831558
20265,88,969.984179
20265,88,970.138876
11315,48,970.222624
63109,222,972.476488
11149,47,972.552878
11315,48,972.630686
26987,118,972.816785
31799,327,973.310281
31057,118,973.495382
35894,247,973.864988
67349,320,974.356257
20099,87,974.50459
35015,288,974.955538
41601,284,975.407627
27049,127,975.624083
35115,208,977.812436
11315,48,977.892697
57119,154,978.133702
56151,141,978.354746
70357,316,978.857841
31994,167,979.128897
20265,88,979.280493
71458,172,979.553349
32772,124,979.756401
171465,384,980.35154
27215,128,980.565478
102950,279,982.888565
113178,285,983.318258
27049,127,983.518327
38602,125,983.70489
51645,226,984.067461
31999,167,984.34081
-13285,528,985.16451
68958,269,985.63507
27049,127,985.857049
26936,113,987.93252
60689,204,988.235713
29437,113,988.407732
24319,76,988.528409
11149,47,988.600282
90314,268,989.004904
11149,47,989.077737
38239,164,989.33006
31999,167,989.587375
25735,85,989.722985
61026,365,990.281121
58350,224,990.634284
19694,407,993.134762
32165,168,993.392073
35115,208,993.707984
35015,288,994.148315
61908,156,994.38369
11164,47,994.456463
11315,48,994.533286
11315,48,994.607061
31965,328,995.11533
27215,128,995.320782
71865,307,995.804492
45798,152,997.93098
69004,360,998.465709
34178,116,998.640216
25613,84,998.768905
33437,114,998.943434
50978,204,999.264576
48127,164,999.515938
34854,287,999.958889
26245,602,1000.891528
85788,307,1003.241243
20114,87,1003.386825
11315,48,1003.458662
29486,113,1003.637157
43204,164,1003.886523
20099,87,1004.021692
44731,164,1004.276071
27049,127,1004.476538
32165,168,1004.741857
78327,190,1005.043054
11149,47,1005.119847
37195,126,1005.321309
34854,287,1005.769653
71851,275,1008.077843
32165,168,1008.33413
20265,88,1008.469363
16815,88,1008.608502
11315,48,1008.68327
36065,248,1009.054939
11315,48,1009.131292
33113,117,1009.311316
72692,306,1009.771086
51770,243,1010.146649
11154,47,1010.223442
47783,166,1010.485292
19865,408,1011.124434
32165,168,1013.251394
11315,48,1013.328692
33380,635,1014.267284
27049,127,1014.470308
11315,48,1014.549098
32165,168,1014.805441
20265,88,1014.94607
11315,48,1015.023857
-13285,528,1015.834294
89472,227,1018.086018
70114,322,1018.57172
39060,124,1018.773181
137397,354,1019.29338
11164,47,1019.368159
57273,405,1019.99249
215956,353,1020.544639
-28501,567,1023.303893
20265,88,1023.437535
11315,48,1023.517327
20265,88,1023.656517
102528,291,1024.089904
74764,404,1024.688869
63467,498,1025.454957
55737,131,1025.664428
91274,397,1028.167235
47207,318,1028.637973
60165,196,1028.930259
27049,127,1029.120313
20265,88,1029.255435
21413,75,1029.378134
72717,204,1029.695287
31999,167,1029.955591
145534,258,1030.353699
41399,203,1030.681881
34949,207,1031.013038
49823,166,1031.274369
20265,88,1033.287476
42979,118,1033.467516
20094,87,1033.600195
43985,165,1033.848945
35115,208,1034.169152
11315,48,1034.248446
44437,325,1034.743122
129245,305,1035.212441
27049,127,1035.414925
25735,85,1035.551123
63290,144,1035.788668
18456,73,1035.908426
37562,124,1036.107894
35904,247,1038.370518
11315,48,1038.447349
10065,48,1038.525171
37305,106,1038.68372
27049,127,1038.87771
11315,48,1038.953097
43403,120,1039.135175
44453,231,1039.473244
37485,168,1039.722607
17922,548,1040.556894
48483,164,1040.818755
54023,442,1043.374223
23435,86,1043.511448
11154,47,1043.587252
77681,230,1043.93236
34949,207,1044.24606
89368,285,1044.686882
20099,87,1044.829501
11315,48,1044.909261
81955,203,1045.221458
11149,47,1045.300281
20265,88,1045.44589
39497,124,1045.650167
27049,127,1045.854648
19334,73,1045.975326
39978,205,1046.294473
92793,439,1048.845073
78376,269,1049.240981
34256,105,1049.399558
215622,396,1049.997555
20099,87,1050.139685
20265,88,1050.279315
51560,179,1050.556571
-131829,994,1053.949399
60275,285,1054.36897
37644,124,1054.555502
27054,127,1054.746963
27955,77,1054.864677
51494,153,1055.100048
27064,127,1055.30647
43347,193,1055.606291
27064,127,1055.809775
20265,88,1055.950994
36065,248,1056.339031
35115,208,1058.546342
32165,168,1058.796704
41153,246,1059.164385
133568,307,1059.635127
321183,711,1060.729939
25641,83,1060.873554
11149,47,1060.952343
124704,477,1063.570188
20099,87,1063.702833
62333,231,1064.050904
34944,207,1064.362043
11315,48,1064.437841
11315,48,1064.513668
35115,208,1064.832373
70851,212,1065.160694
27064,127,1065.362249
35115,208,1065.685921
-150817,961,1069.02812
31965,328,1069.522394
81273,228,1069.870158
39844,124,1070.065606
113224,280,1070.50002
32641,125,1070.698088
13343,621,1073.533044
58473,152,1073.764397
34949,207,1074.072575
35115,208,1074.383771
26915,368,1074.941327
35115,208,1075.265489
68879,735,1076.396817
42285,243,1078.65455
55760,285,1079.079038
31965,328,1079.572584
20265,88,1079.707788
19865,408,1080.325653
20265,88,1080.467268
11315,48,1080.548054
11315,48,1080.631802
84253,892,1083.856976
19168,72,1083.967649
121253,204,1084.278328
35599,152,1084.515788
106909,274,1084.938224
67664,190,1085.234432
25724,83,1085.370042
45086,141,1085.597434
217510,552,1086.449535
34949,207,1088.657549
66163,479,1089.369732
32165,168,1089.627076
54117,204,1089.951905
60411,244,1090.325414
53158,239,1090.696453
47094,364,1091.288375
-82420,842,1094.520654
11315,48,1094.60141
25563,85,1094.749043
20099,87,1094.901212
61081,445,1095.601701
-19138,793,1098.737103
-171740,958,1100.194073
11149,47,1100.27305
-45385,608,1101.221703
70026,190,1101.538904
64569,172,1101.828328
18060,706,1104.804931
39450,192,1105.106748
11149,47,1105.186531
31965,328,1105.685988
32905,114,1105.875046
19865,408,1106.49947
20265,88,1106.650133
-28335,568,1109.392927
32165,168,1109.653862
-313793,1074,1111.271421
-86040,881,1114.5023
20265,88,1114.644951
35115,208,1114.961759
79104,189,1115.24853
35914,247,1115.619771
33743,599,1116.571945
24799,73,1116.703194
20094,87,1116.85981
71259,228,1119.101979
34125,116,1119.284213
31999,167,1119.535417
27215,128,1119.736972
75920,239,1120.114791
31999,167,1120.386711
80235,268,1120.808284
21413,75,1120.943546
21087,474,1121.675414
20099,87,1121.830185
20265,88,1121.98278
35015,288,1124.338649
16715,74,1124.466312
31994,167,1124.72452
32165,168,1124.986482
39105,125,1125.182467
20099,87,1125.327177
11315,48,1125.414936
25252,85,1125.559455
34954,207,1125.879735
32165,168,1126.147249
10815,448,1126.84225
26915,368,1129.306249
32165,168,1129.564738
41902,113,1129.7453
11149,47,1129.824655
-231820,1037,1131.394788
72074,1009,1134.817254
266370,683,1135.848819
55406,204,1136.180152
111404,266,1136.608022
31814,327,1137.12811
56242,191,1137.447366
43243,119,1139.519549
20094,87,1139.664756
32003,126,1139.861711
11154,47,1139.9405
11315,48,1140.017777
75785,365,1140.57386
47591,195,1140.882175
48731,517,1141.710753
43886,164,1141.984537
34949,207,1142.318249
26915,368,1144.779708
20265,88,1144.927576
67543,233,1145.278795
27049,127,1145.476798
27196,193,1145.782583
98535,516,1146.584015
25322,112,1146.773939
110700,647,1149.661524
65549,283,1150.084053
-235,488,1150.809688
59714,187,1151.093035
-108701,727,1152.206001
-1392103,2500,1159.932024
21563,76,1160.054205
44777,357,1160.590306
20099,87,1160.723921
41612,474,1161.443473
102388,212,1161.776584
11164,47,1161.853378
11315,48,1161.934134
-133585,768,1165.001246
130609,420,1165.617603
32165,168,1165.870511
60871,246,1166.236656
40952,601,1167.170729
53001,197,1167.483892
31994,167,1167.753203
309938,664,1170.615959
39463,112,1170.793616
20099,87,1170.928286
-14631,722,1172.014451
70236,326,1172.526721
113101,387,1175.004472
41838,146,1175.227438
48939,128,1175.421975
31994,167,1175.672334
21933,73,1175.785567
15218,752,1176.922165
26749,367,1177.501849
55557,205,1177.829072
35904,247,1180.07632
57005,225,1180.415072
73619,284,1180.842637
78927,574,1181.697358
93501,316,1182.18873
33099,123,1182.386765
20099,87,1182.526896
24715,168,1182.802161
11315,48,1182.884967
142582,305,1185.221382
52048,360,1185.759142
32774,107,1185.930686
34944,207,1186.248805
50069,163,1186.504123
31999,167,1186.762463
49131,166,1187.030252
25939,84,1187.166455
31999,167,1187.428784
-749335,1368,1191.358626
-24669,682,1192.400396
59134,173,1192.679215
31999,167,1192.949493
11315,48,1194.900604
31225,851,1196.150836
94727,165,1196.399144
-410131,1235,1200.168051
21730,76,1200.287733
188751,416,1200.908355
68810,245,1201.285347
35015,288,1201.725145
57779,238,1202.094563
56062,324,1202.601241
-43350,761,1205.635268
35015,288,1206.057424
27215,128,1206.254892
25735,85,1206.392498
47126,165,1206.647846
130597,725,1207.766994
11149,47,1207.847777
20439,113,1209.91123
20099,87,1210.049857
11315,48,1210.126654
20265,88,1210.263258
38853,125,1210.455342
34849,287,1210.890834
20265,88,1211.032019
32165,168,1211.295287
65473,190,1211.585538
27049,127,1211.787001
11315,48,1211.866759
49140,245,1212.241472
86693,278,1212.67899
34944,207,1213.011639
46269,354,1215.414077
76414,346,1215.936377
52095,194,1216.242558
20099,87,1216.380163
32165,168,1216.643493
60321,178,1216.925302
11149,47,1217.002605
92687,320,1217.495908
34849,287,1217.94425
35015,288,1220.270198
37213,110,1220.446727
27044,127,1220.638215
36065,248,1221.009229
-28721,710,1222.087013
13714,73,1222.206694
27044,127,1222.414142
32165,168,1222.6804
93394,348,1225.11108
27064,127,1225.303101
31965,328,1225.789829
-22074,707,1226.852314
-116909,885,1230.106767
32165,168,1230.355106
41063,285,1230.776978
49409,188,1231.060292
27044,127,1231.260816
27215,128,1231.456846
27215,128,1231.65503
64918,247,1232.034756
19699,407,1232.672709
35115,208,1233.006817
53240,240,1235.251724
78666,381,1235.819337
20099,87,1235.954947
19865,408,1236.561103
20265,88,1236.708684
-13285,528,1237.513128
241430,605,1240.318671
57320,405,1240.934027
51018,313,1241.4039
59847,205,1241.71221
107124,315,1242.204891
62526,193,1242.514069
78590,289,1242.973002
109719,367,1245.419239
11149,47,1245.493047
27215,128,1245.685528
31965,328,1246.170803
38261,195,1246.470536
57558,205,1246.785693
20099,87,1246.928318
52013,300,1247.393101
67755,285,1247.842085
80846,345,1250.253989
11149,47,1250.328296
20265,88,1250.465993
11315,48,1250.545776
53945,286,1250.966376
37129,314,1251.436117
19699,407,1252.05503
70792,197,1252.362675
11149,47,1252.440009
21730,76,1252.565703
20094,87,1252.715303
71447,233,1253.089277
142180,434,1255.617118
56744,185,1255.896933
68529,425,1256.524263
65937,238,1256.88413
77700,239,1257.260607
11149,47,1257.33699
-34000,794,1260.426902
56189,122,1260.614965
34944,207,1260.922144
29029,114,1261.107649
57143,205,1261.42577
35115,208,1261.746005
75235,190,1262.041783
-167083,952,1265.387379
27049,127,1265.580835
11315,48,1265.653667
53320,277,1266.064597
11149,47,1266.144359
20265,88,1266.287975
32165,168,1266.549873
-250090,1043,1268.1508
63133,153,1270.272529
31999,167,1270.528843
20265,88,1270.66146
32165,107,1270.827611
114211,394,1271.410644
35115,208,1271.723755
36065,248,1272.096823
35115,208,1272.424943
11315,48,1272.502735
20265,88,1272.650312
200140,483,1275.282412
83277,226,1275.617054
-17268230,5955,1290.209438
11315,48,1290.286263
20265,88,1290.423898
61915,244,1290.787997
34849,287,1291.213992
35115,208,1291.584993
35115,208,1291.923065
68303,326,1292.437051
71238,290,1292.910974
11149,47,1293.000702
11315,48,1293.083828
38807,118,1293.288341
46443,108,1295.379356
19070,72,1295.492618
42335,164,1295.74458
76685,175,1296.021468
11164,47,1296.09584
25168,85,1296.231013
11154,47,1296.308101
20265,88,1296.447535
48863,244,1296.815094
37679,106,1296.980676
-5207580,3397,1305.966824
11149,47,1306.050109
37728,125,1306.253698
11154,47,1306.333116
24273,95,1306.493253
24789,84,1306.638895
24804,73,1306.76852
32358,105,1306.941658
11149,47,1307.025468
50967,164,1307.287337
11149,47,1307.371143
11315,48,1307.457434
26479,74,1307.58881
57272,161,1307.849739
24975,84,1307.995353
38776,124,1308.196064
27049,127,1308.40758
11315,48,1308.486402
11315,48,1308.571682
38034,119,1308.772781
20099,87,1310.774722
11315,48,1310.852058
20364,107,1311.026683
20099,87,1311.164413
20265,88,1311.309102
34925,98,1311.465685
25724,83,1311.605821
13699,73,1311.734084
65488,281,1312.169014
11149,47,1312.256318
39136,120,1312.454845
20094,87,1312.604013
11315,48,1312.690781
57426,160,1312.950511
26868,112,1313.13678
37005,325,1313.668723
20104,87,1313.820473
36545,154,1315.960216
20114,87,1316.102865
25757,86,1316.239501
20099,87,1316.380156
38667,126,1316.580101
38969,125,1316.777198
11315,48,1316.857519
27215,128,1317.057215
-1433470,2301,1322.377167
20094,87,1322.524341
24665,128,1322.733872
11315,48,1322.825118
25294,85,1322.975278
48760,140,1323.204489
11144,47,1323.286274
20265,88,1323.438903
20261,113,1323.628876
42593,119,1323.82239
19114,72,1323.943572
11149,47,1324.030344
37452,165,1326.176742
23142,85,1326.318368
20104,87,1326.458558
20265,88,1326.601156
24389,77,1326.72682
7249,47,1326.809372
42991,116,1326.995383
55555,145,1327.22519
11149,47,1327.305478
11315,48,1327.38836
25606,85,1327.532514
32060,124,1327.738002
