#{"t_start": 1685736041.1088688, "env_id": null}
r,l,t
21963,97,0.137156
27215,128,0.151119
76502,358,0.189018
80569,234,0.213952
66885,363,0.257835
97596,209,0.279804
20099,87,0.289748
26975,78,0.298753
51049,163,0.317676
27049,127,0.331665
20265,88,0.342637
58906,234,0.366543
54840,268,0.395466
34849,287,0.424389
27215,128,0.438351
91127,380,0.477111
20095,112,0.491046
61349,204,0.511526
11315,48,0.51751
35115,208,0.54042
20265,88,0.550424
104229,276,0.57832
53879,187,0.597298
77415,239,0.621811
43717,113,0.635746
34949,207,0.656718
127306,339,0.690599
20099,87,0.699603
77798,184,0.721026
50360,140,0.735984
31994,167,0.752969
20265,88,0.761945
27215,128,0.776875
11315,48,0.782485
35115,208,0.803457
11315,48,0.809413
36065,248,0.835344
29998,628,0.898679
76224,277,0.927213
147009,369,0.96511
27049,127,0.980071
20265,88,0.989046
38199,165,1.006999
57006,204,1.027532
38358,115,1.041429
20099,87,1.050406
140270,950,1.145748
-85651,687,2.052886
175154,427,2.097794
168693,356,2.1357
71110,232,2.159664
107212,353,2.195185
31999,167,2.214135
36336,193,2.234081
20273,112,2.246022
39674,124,2.259014
20265,88,2.269959
36215,194,2.289904
31864,112,2.301899
57855,282,2.330822
103730,311,2.363656
115533,267,2.391609
43399,112,2.403577
34949,207,2.424493
22325,76,2.434469
27564,115,2.446437
65353,144,2.462194
34793,112,2.47419
41577,147,2.490119
52037,187,2.510067
41893,118,2.522064
11149,47,2.528058
66770,674,2.597489
79729,185,2.616497
138082,427,2.659355
47393,164,2.676339
26885,443,2.722215
129811,349,2.75809
11149,47,2.764103
20265,88,2.773383
20265,88,2.784325
25520,85,2.793302
25233,112,2.805272
94333,280,2.833472
100497,253,2.860689
20114,87,2.870274
32165,168,2.888226
32165,168,2.905153
55024,193,2.926097
20099,87,2.940542
25168,85,2.953535
50123,205,2.975448
11154,47,2.98243
35115,208,3.003756
19003,602,3.064592
31965,328,3.106704
20265,88,3.11668
53745,390,3.157285
20099,87,3.166261
58147,158,3.183218
-338626,1506,3.335373
38470,124,3.34944
11315,48,3.354398
30615,168,3.372411
44157,156,3.390361
11149,47,3.395347
11315,48,3.401304
11315,48,3.406291
10815,448,3.452806
33619,116,3.464801
11149,47,3.471041
105117,514,3.521911
11149,47,3.528889
11315,48,3.533875
57798,206,3.554819
87182,176,3.574158
67106,396,3.615086
27139,116,3.628017
104149,302,3.658962
27044,127,3.671928
-127608,903,3.763163
34717,192,3.783109
27049,127,3.797072
20265,88,3.806077
37705,108,3.819533
11149,47,3.824521
70631,194,3.844502
11149,47,3.850479
49855,185,3.871398
11149,47,3.876384
24934,393,3.916279
59846,213,3.939245
11149,47,3.9452
175989,501,3.996096
31999,167,4.014048
11315,48,4.019035
34695,233,4.044966
34949,207,4.065872
35115,208,4.087404
25714,86,4.097377
27049,127,4.111312
174428,492,4.172284
58343,187,4.191235
41267,203,4.212576
20099,87,4.22352
32165,168,4.240427
27215,128,4.254388
79864,307,4.285487
59239,204,4.3074
46592,163,4.324011
42574,109,4.335481
11149,47,4.341465
27215,128,4.355399
80390,270,4.383386
11315,48,4.389368
11315,48,4.394329
35015,288,4.425243
11315,48,4.430231
11315,48,4.435615
11315,48,4.441794
170234,608,4.503629
27049,127,4.516596
86140,256,4.54349
20094,87,4.553523
69504,361,4.591393
20104,87,4.600403
51429,207,4.62234
26711,75,4.630317
11149,47,4.6373
24625,109,4.648273
20094,87,4.657278
11315,48,4.663235
20265,88,4.674204
11315,48,4.679191
11315,48,4.685123
36065,248,4.710027
72573,394,4.759893
41374,245,4.784827
32004,167,4.802344
20265,88,4.812319
11315,48,4.818302
21933,73,4.82628
80130,478,4.875124
20265,88,4.884101
71377,478,4.934529
11149,47,4.94054
11315,48,4.945527
69555,228,4.96947
71696,313,5.00188
27049,127,5.015845
20265,88,5.025791
38895,195,5.045765
112691,271,5.075658
20265,88,5.085658
28625,498,5.135004
104611,226,5.15794
11315,48,5.164922
35015,288,5.193844
37974,125,5.207807
52611,161,5.233915
11144,47,5.240867
11315,48,5.245853
66785,241,5.273807
32939,108,5.285747
31994,167,5.303965
37365,154,5.319924
27064,127,5.333361
45531,113,5.345331
27049,127,5.359293
122103,218,5.382232
27229,128,5.395702
31198,265,5.422659
33021,124,5.43759
31799,327,5.47043
59641,205,5.491375
-85485,688,5.561271
60445,160,5.579195
11149,47,5.584938
47680,165,5.601893
11154,47,5.607877
74775,285,5.636802
96180,213,5.659335
20099,87,5.669277
27215,128,5.68227
48910,180,5.703186
31999,167,5.720141
35115,208,5.742107
20265,88,5.751889
41287,315,5.784827
36994,164,5.801783
33050,403,5.843182
182312,442,5.888031
34944,207,5.910395
36065,248,5.935328
42127,148,5.951287
43468,165,5.968268
37102,126,5.982887
27215,128,5.995852
27215,128,6.009815
26037,87,6.019332
37784,107,6.032345
69994,181,6.051176
51129,165,6.067669
27215,128,6.081629
63880,242,6.107559
11149,47,6.11355
11315,48,6.118566
11315,48,6.124546
11315,48,6.130502
35115,208,6.152477
32165,168,6.169426
85493,211,6.192336
31799,327,6.227245
32165,168,6.252711
27215,128,6.267643
104124,338,7.196137
11315,48,7.257972
11315,48,7.312423
11315,48,7.367339
-95065,885,8.329786
11315,48,8.38766
11315,48,8.449495
11315,48,8.508337
32165,168,8.700396
46296,111,8.830605
11149,47,8.890476
32165,168,9.089513
11315,48,9.145394
11315,48,9.203655
11315,48,9.265524
55312,486,9.805421
82627,232,10.07829
11149,47,10.137536
11315,48,10.195354
37401,125,10.342553
27054,127,10.49699
37218,110,10.637186
61639,271,10.942593
42934,474,11.481294
11149,47,11.537148
11315,48,11.599576
35115,208,11.866985
11315,48,11.930379
11315,48,11.998667
27215,128,12.162699
32645,193,12.400661
20099,87,12.50937
11315,48,12.571768
20265,88,12.689541
21461,75,12.786256
11149,47,12.852614
24615,74,12.945396
11144,47,13.004239
11315,48,13.069629
20265,88,13.17436
39236,365,13.592551
11315,48,13.654423
11315,48,13.713294
11315,48,13.76715
24286,78,13.861377
25949,83,13.972922
27068,78,14.070228
39635,113,14.214012
16644,73,14.302803
11144,47,14.358689
32923,125,14.51112
11149,47,14.569962
11315,48,14.623855
44104,148,14.798981
11144,47,14.858825
11315,48,14.91926
48080,163,15.109299
11154,47,15.166712
11315,48,15.226552
38667,126,15.367209
11315,48,15.428617
20265,88,15.534358
53924,341,15.916487
11144,47,15.971341
11315,48,16.032178
11315,48,16.091555
11315,48,16.15542
11315,48,16.215808
67118,405,16.671579
11154,47,16.731432
11315,48,16.794931
57095,235,17.071774
11164,47,17.134611
27675,76,17.242323
-34089,592,17.913753
24671,84,18.02346
11154,47,18.078344
16715,74,18.169233
11144,47,18.23462
10065,48,18.296427
21413,75,18.400246
60355,148,18.577658
11149,47,18.636498
32165,168,18.844206
81952,177,19.068234
11149,47,19.123605
11315,48,19.187434
27234,79,19.291719
11144,47,19.35455
11315,48,19.418414
11315,48,19.480251
11315,48,19.540095
11315,48,19.601926
11315,48,19.665323
11315,48,19.747135
11315,48,19.80997
90113,152,19.997041
25817,83,20.102752
11149,47,20.15836
11315,48,20.228678
25939,84,20.341372
11149,47,20.409228
11315,48,20.467762
13915,74,20.565498
51048,175,20.788994
16614,73,20.880291
11144,47,20.939161
27525,76,21.034906
11144,47,21.096683
11315,48,21.153671
11315,48,21.214511
74119,252,21.502367
27140,76,21.599136
11144,47,21.658979
11315,48,21.714824
18627,74,21.807579
11149,47,21.864453
11315,48,21.924295
23845,73,22.009069
11149,47,22.076435
11315,48,22.13331
11315,48,22.193147
11315,48,22.251022
11315,48,22.311371
24365,114,22.45137
9694,47,22.510219
11315,48,22.567508
11315,48,22.629399
11315,48,22.693229
11315,48,22.756063
24960,85,22.866612
77254,323,23.254245
11149,47,23.317075
11315,48,23.384234
11315,48,23.450054
11315,48,23.510893
11315,48,23.571729
11315,48,23.632541
27164,77,23.722329
11144,47,23.785161
11315,48,23.843508
11315,48,23.905359
11315,48,23.968222
11315,48,24.026067
11315,48,24.088961
11315,48,24.151394
11315,48,24.210239
11315,48,24.27108
38835,120,24.420297
5849,47,24.485667
11315,48,24.54606
11315,48,24.608402
11315,48,24.669245
11315,48,24.73108
11315,48,24.792428
11315,48,24.852299
11315,48,24.914166
11315,48,24.975006
11315,48,25.041824
11315,48,25.102231
13594,73,25.192307
47613,107,25.331223
11144,47,25.391063
9815,48,25.453894
11315,48,25.515729
11315,48,25.585542
11315,48,25.641657
11315,48,25.709478
11315,48,25.768334
11315,48,25.826738
11315,48,25.896161
36091,146,26.070297
11149,47,26.132129
25649,85,26.242374
-95221,1050,27.430029
47564,146,27.609581
11149,47,27.679376
11315,48,27.736257
11315,48,27.801574
11315,48,27.868429
8565,48,27.93126
9865,48,27.997087
20265,88,28.107824
25851,84,28.218556
11149,47,28.281422
11315,48,28.344251
25178,113,28.493918
27049,127,28.656179
11315,48,28.722004
11315,48,28.784974
11315,48,28.849788
99488,315,29.221977
25240,85,29.332172
18434,72,29.424487
11149,47,29.483329
40363,148,29.675413
11149,47,29.734255
11315,48,29.799459
11315,48,29.865346
11315,48,29.933914
42585,106,30.072553
34949,207,30.327519
11315,48,30.388388
11315,48,30.452217
13915,128,30.617401
16587,73,30.723119
20099,87,30.832865
25993,606,31.544647
11154,47,31.623443
11315,48,31.691297
11315,48,31.760108
20265,88,31.878882
11315,48,31.944282
-3054959,2602,35.097331
11315,48,35.166209
11315,48,35.234028
28085,78,35.342274
11144,47,35.405451
11315,48,35.467259
11315,48,35.537602
11315,48,35.601456
9865,48,35.66828
11315,48,35.734136
11315,48,35.799962
11315,48,35.860833
11315,48,35.927482
11315,48,35.995301
11315,48,36.057136
11315,48,36.121211
11315,48,36.188623
84429,231,36.482414
31999,167,36.700427
26027,84,36.821104
-298881,1275,38.337923
9829,48,38.407303
11315,48,38.473132
11315,48,38.536961
118835,313,38.921973
11164,47,38.984802
20265,88,39.105479
11315,48,39.167345
21982,73,39.265645
27049,127,39.438215
11315,48,39.505036
11315,48,39.569864
20265,88,39.690606
11315,48,39.753999
11315,48,39.818951
11315,48,39.883812
11315,48,39.948177
32165,168,40.16947
31235,94,40.295135
56971,160,40.505174
11149,47,40.567571
11315,48,40.636419
11315,48,40.697253
11315,48,40.764077
72085,445,41.298505
26663,75,41.40229
11149,47,41.470109
11315,48,41.537899
11315,48,41.607655
11315,48,41.672532
18579,74,41.773261
11149,47,41.832611
41939,101,41.96629
11144,47,42.031115
27065,74,42.125922
11149,47,42.19228
11315,48,42.261096
75870,439,42.790899
8299,47,42.855763
11315,48,42.920623
11315,48,42.986447
11315,48,43.049843
67886,235,43.346344
31814,327,43.754508
21786,73,43.855335
32649,113,44.01099
11164,47,44.072154
11315,48,44.138009
26663,75,44.245229
11149,47,44.311054
11315,48,44.390868
16715,74,44.485181
11144,47,44.554996
10015,48,44.618282
63021,183,44.855331
11144,47,44.931097
9815,48,44.99895
9765,48,45.070154
11315,48,45.145493
67433,326,45.597336
11154,47,45.667213
11315,48,45.736032
24912,86,45.861146
20104,87,45.998137
115490,349,46.45414
11164,47,46.521929
61335,152,46.720812
11149,47,46.784641
11315,48,46.85246
11315,48,46.918316
20265,88,47.036163
49635,165,47.248687
11149,47,47.310521
11315,48,47.380367
74046,321,47.780896
11144,47,47.844205
20265,88,47.969481
11315,48,48.033311
11315,48,48.097126
11315,48,48.16953
11315,48,48.243336
11315,48,48.310186
11315,48,48.373827
11315,48,48.439214
11315,48,48.505604
39497,124,48.670168
11149,47,48.73796
64489,180,48.974366
11149,47,49.037227
63557,196,49.294174
11149,47,49.354045
11315,48,49.422511
19187,73,49.523802
11149,47,49.589168
11315,48,49.650568
11315,48,49.717952
10015,48,49.786769
19334,73,49.883545
44249,193,50.135468
11144,47,50.200295
11315,48,50.268653
11315,48,50.335495
11315,48,50.402355
20265,88,50.52702
36065,248,50.843247
11315,48,50.90567
74685,229,51.208491
8494,47,51.267336
11315,48,51.3307
11315,48,51.401734
11315,48,51.466561
11315,48,51.530422
11315,48,51.598242
11315,48,51.664631
56940,283,52.042253
38724,124,52.225471
39925,125,52.40508
11315,48,52.474893
27311,77,52.591584
11144,47,52.658572
8015,1056,53.98656
11144,47,54.055407
11315,48,54.117789
11315,48,54.185607
11315,48,54.25742
11315,48,54.323804
11315,48,54.401626
11315,48,54.469444
11315,48,54.540255
66895,362,55.006768
11144,47,55.076579
11315,48,55.146615
92110,253,55.479421
39872,155,55.706954
47310,165,55.932417
11154,47,56.003228
31576,137,56.191301
40245,118,56.34645
11144,47,56.416296
25807,84,56.53398
11149,47,56.6043
11315,48,56.67315
46802,205,56.9415
27196,80,57.059749
11144,47,57.128596
11315,48,57.198411
11315,48,57.26723
11315,48,57.340202
-2479836,2426,60.516831
11144,47,60.588639
36500,147,60.792128
11144,47,60.858514
27886,125,61.040856
11149,47,61.1042
42700,120,61.278299
11329,48,61.35166
11315,48,61.420483
21415,114,61.580654
8394,47,61.652523
11315,48,61.719344
11315,48,61.792152
11315,48,61.8615
11315,48,61.931528
11315,48,62.000345
61042,215,62.309631
25521,84,62.436315
11149,47,62.506128
11315,48,62.574509
62707,169,62.806484
37366,152,63.007504
9899,47,63.086326
33045,124,63.259889
11149,47,63.337173
11315,48,63.407014
20265,88,63.530249
11315,48,63.600491
11315,48,63.671368
44522,142,63.865442
11144,47,63.933293
47853,245,64.263055
11315,48,64.336024
11315,48,64.405434
11315,48,64.477803
33408,590,65.260115
11144,47,65.330489
49129,148,65.538964
11149,47,65.600363
54073,151,65.809409
11149,47,65.885241
11315,48,65.962573
11315,48,66.0374
53666,245,66.372584
11315,48,66.446949
11315,48,66.524742
11315,48,66.594662
22226,86,66.726234
11154,47,66.794615
22745,114,66.955192
29490,106,67.107354
11144,47,67.177173
11315,48,67.246986
11315,48,67.319301
11315,48,67.388115
11315,48,67.462476
11315,48,67.529303
11315,48,67.599669
11315,48,67.669487
25522,107,67.82666
42843,118,67.991597
11144,47,68.060445
25274,87,68.185688
11154,47,68.255497
9865,48,68.325342
64660,243,68.648971
9915,48,68.723363
9865,48,68.792179
11315,48,68.86056
66558,239,69.184326
54103,156,69.400349
21646,76,69.507629
9644,47,69.580437
11315,48,69.653278
27215,128,69.833363
11315,48,69.901209
32165,168,70.132227
20265,88,70.26425
46659,98,70.406417
11144,47,70.475261
11315,48,70.547066
20265,88,70.675323
20265,88,70.80854
34444,97,70.9462
11144,47,71.022964
27920,79,71.138279
11144,47,71.214075
11315,48,71.280898
11315,48,71.352284
9915,48,71.425404
11315,48,71.501234
11315,48,71.571195
11315,48,71.650572
11315,48,71.723379
9915,48,71.795192
11315,48,71.869023
70716,399,72.42137
66095,363,72.937653
20265,88,73.069359
11315,48,73.154238
11315,48,73.232031
11315,48,73.312352
11315,48,73.38968
25939,84,73.516372
11149,47,73.59323
11315,48,73.670555
11315,48,73.747385
11315,48,73.819219
11315,48,73.888843
11315,48,73.970136
11315,48,74.040895
8565,48,74.111186
11315,48,74.180574
11315,48,74.251943
11315,48,74.320268
11315,48,74.38959
11315,48,74.459404
39053,125,74.636987
11315,48,74.705378
11315,48,74.775154
11315,48,74.849398
11315,48,74.921451
11315,48,74.998218
11315,48,75.068063
11315,48,75.13891
11315,48,75.21069
16765,74,75.319458
11144,47,75.383262
8565,48,75.458096
11315,48,75.527911
11315,48,75.599226
11315,48,75.671038
119431,405,76.207304
11149,47,76.279111
62066,238,76.605345
11149,47,76.680616
16815,74,76.786333
21566,72,76.891117
11149,47,76.96093
51515,165,77.188352
11315,48,77.26116
11315,48,77.327461
11315,48,77.401981
54990,205,77.682311
11315,48,77.755949
11315,48,77.826324
11315,48,77.896701
32673,107,78.053761
139179,311,78.477252
33622,106,78.628658
11144,47,78.700466
58221,236,79.020179
11149,47,79.094547
11315,48,79.166387
36065,248,79.508065
11315,48,79.576056
11315,48,79.654377
25779,85,79.78007
37271,156,79.994666
38441,115,80.161448
8299,47,80.23781
11315,48,80.307627
8465,48,80.380027
39865,126,80.555395
39413,124,80.736913
11149,47,80.811248
11315,48,80.881066
20265,88,81.011307
11315,48,81.08817
11315,48,81.157987
11315,48,81.229794
11315,48,81.307585
37675,126,81.498078
11315,48,81.568486
9915,48,81.640296
11315,48,81.713132
37689,110,81.87925
41600,565,82.649401
25692,85,82.772641
11149,47,82.843017
11315,48,82.91724
11315,48,82.984625
11315,48,83.058461
61272,446,83.652532
41210,116,83.823234
11159,47,83.88809
11315,48,83.958417
11315,48,84.035208
11315,48,84.103591
46201,112,84.263198
11144,47,84.337566
39840,125,84.514125
-23039,513,85.210396
11149,47,85.281765
35106,120,85.457966
11149,47,85.539232
11315,48,85.615602
11315,48,85.689447
20265,88,85.818741
11315,48,85.889086
35115,208,86.180409
56779,1264,87.933407
43655,118,88.118587
38083,125,88.312629
11154,47,88.384473
11315,48,88.455286
11315,48,88.526094
11315,48,88.59647
11315,48,88.667497
11315,48,88.73734
11315,48,88.807713
11315,48,88.877559
11315,48,88.950336
11315,48,89.025148
33825,108,89.18635
11144,47,89.257155
11315,48,89.326968
11315,48,89.399309
11315,48,89.469122
32165,168,89.701096
16765,74,89.814358
11144,47,89.885199
11315,48,89.952023
11315,48,90.024825
11315,48,90.0962
11315,48,90.166576
20265,88,90.295234
11315,48,90.370067
11315,48,90.438856
11315,48,90.510691
11315,48,90.585491
11315,48,90.655335
11315,48,90.728354
25294,85,90.852124
11154,47,90.921574
11315,48,90.991418
47476,166,91.216411
78379,263,91.579987
11164,47,91.651344
46825,114,91.814471
11315,48,91.887195
32165,168,92.123127
11315,48,92.201457
36065,248,92.54217
11315,48,92.618029
11315,48,92.689405
11315,48,92.760213
21461,75,92.873507
11149,47,92.945312
11315,48,93.017156
9865,48,93.089499
11315,48,93.16228
21915,394,93.68645
11144,47,93.760254
11315,48,93.83362
42891,146,94.048079
11315,48,94.118815
11315,48,94.190753
27215,128,94.372333
11315,48,94.438187
11315,48,94.509001
90821,221,94.811459
11149,47,94.882333
11315,48,94.953144
57373,175,95.196151
47388,164,95.425455
11154,47,95.497797
24994,86,95.62403
11154,47,95.692945
11315,48,95.764753
11315,48,95.836128
11315,48,95.908141
11315,48,95.979949
48359,155,96.199957
74117,278,96.580103
-2039280,2460,99.813994
8314,47,99.893812
11315,48,99.973599
11315,48,100.048406
11315,48,100.121829
39780,126,100.309829
11315,48,100.383638
11315,48,100.470408
11315,48,100.543212
25126,85,100.670411
11154,47,100.743216
11315,48,100.816459
11315,48,100.890262
11315,48,100.965628
11315,48,101.038656
11315,48,101.12048
11315,48,101.198272
38287,118,101.372403
11149,47,101.445209
93748,169,101.696138
11144,47,101.768974
47425,235,102.109411
21262,74,102.223781
11149,47,102.294591
37482,125,102.485219
11154,47,102.55301
25692,85,102.674308
11149,47,102.746114
11315,48,102.817489
11315,48,102.88833
13965,74,102.995044
11144,47,103.065398
11315,48,103.136239
11315,48,103.21104
41085,119,103.374257
59168,152,103.587279
29519,113,103.741465
11159,47,103.811307
11315,48,103.882484
11315,48,103.953295
66342,190,104.210824
11149,47,104.284626
11315,48,104.354472
11315,48,104.425882
11315,48,104.49868
11315,48,104.567627
11315,48,104.639439
11315,48,104.710222
11315,48,104.785051
9765,48,104.853897
11315,48,104.925301
11315,48,104.998106
11315,48,105.070481
148310,394,105.594704
45708,111,105.754421
11144,47,105.82726
68628,146,106.03633
11149,47,106.102184
11315,48,106.173992
11315,48,106.24646
11315,48,106.3173
52195,401,106.856318
63586,149,107.064326
11329,48,107.140157
11315,48,107.213525
11315,48,107.293203
11315,48,107.367601
11315,48,107.438409
11315,48,107.508223
11315,48,107.581235
20265,88,107.711452
11315,48,107.783289
11315,48,107.853134
11315,48,107.929929
24965,74,108.03618
11144,47,108.10742
11315,48,108.179294
11315,48,108.251133
11315,48,108.322506
11315,48,108.394345
11315,48,108.466185
32513,120,108.640811
11144,47,108.715403
38155,165,108.937568
11149,47,109.011926
115477,311,109.431469
21206,73,109.53918
11149,47,109.60853
11315,48,109.685359
11315,48,109.758164
20265,88,109.886378
11315,48,109.958186
11315,48,110.028997
45303,115,110.193511
32014,167,110.447306
11315,48,110.516122
19334,73,110.631868
11149,47,110.702219
11315,48,110.784029
8565,48,110.857389
16645,75,110.973647
31994,167,111.223011
25158,86,111.354659
39704,125,111.557207
11315,48,111.637618
11315,48,111.728377
20265,88,111.872496
59331,146,112.098319
74255,359,112.603293
11144,47,112.668123
48571,155,112.880699
11315,48,112.945526
11315,48,113.012909
11315,48,113.08229
38802,125,113.249407
11315,48,113.315266
11315,48,113.383085
24965,74,113.490309
11144,47,113.5527
11315,48,113.620564
11315,48,113.68738
105275,268,114.05947
19846,76,114.1742
11144,47,114.24598
11315,48,114.318811
26915,368,114.820534
35115,208,115.128922
11315,48,115.197893
11315,48,115.269702
11315,48,115.344508
11315,48,115.425299
11315,48,115.496101
26839,77,115.620281
11149,47,115.695554
11315,48,115.776367
11315,48,115.850331
11315,48,115.921173
11315,48,115.991984
11315,48,116.061769
11315,48,116.129141
11315,48,116.214906
-13285,528,116.949405
11315,48,117.019219
11315,48,117.091603
11315,48,117.161447
11315,48,117.236752
11315,48,117.308609
11315,48,117.385407
11315,48,117.457185
11315,48,117.529581
11315,48,117.601397
11315,48,117.669247
38436,125,117.855759
11149,47,117.93059
11315,48,117.997411
26406,405,118.549101
26801,73,118.656504
11149,47,118.729336
63004,245,119.105293
27073,78,119.227559
-42252,477,119.922775
20099,87,120.046446
11315,48,120.118324
48166,165,120.349216
-86082125,12111,136.777523
81020,349,137.255444
11144,47,137.328765
32165,168,137.566755
69504,193,137.844586
11164,47,137.915421
11315,48,137.98723
11315,48,138.0606
11315,48,138.131473
11315,48,138.212258
73029,449,138.810551
36862,125,138.993128
-28517,785,140.03493
28710,94,140.172628
11144,47,140.245781
11315,48,140.319009
11315,48,140.390227
3352,559,141.13083
79584,278,141.514987
110374,504,142.185507
36926,124,142.365774
11154,47,142.439612
-43281,793,143.54517
11315,48,143.620536
11315,48,143.690354
11315,48,143.762158
11315,48,143.844502
11315,48,143.921799
11315,48,143.999614
39189,125,144.192136
11149,47,144.265938
11315,48,144.340773
-141367,926,145.563671
11154,47,145.628499
105155,434,146.201559
11315,48,146.2739
11315,48,146.343195
11315,48,146.415596
37437,108,146.570745
11149,47,146.64528
11315,48,146.719085
11315,48,146.788898
11315,48,146.859737
11315,48,146.929581
11315,48,147.001389
11315,48,147.072201
11315,48,147.139961
-108535,728,148.11711
30786,193,148.382431
11149,47,148.453242
-80305129,11686,164.001659
31804,327,164.455364
52360,199,164.738039
31994,167,164.975059
11315,48,165.039886
11315,48,165.116706
11315,48,165.188547
11315,48,165.263352
11315,48,165.336184
44155,602,166.132813
59536,152,166.348365
11315,48,166.427158
11315,48,166.496536
11315,48,166.568384
11315,48,166.640224
11315,48,166.712539
11315,48,166.784317
24329,96,166.925228
11149,47,166.998033
11315,48,167.069948
13594,73,167.179841
11149,47,167.251647
11315,48,167.323602
33258,109,167.483434
126936,220,167.789602
27044,127,167.969465
11315,48,168.035289
11315,48,168.107087
11315,48,168.179411
-23230131,6069,176.264372
11149,47,176.341268
32165,168,176.584474
11315,48,176.660431
39887,113,176.82698
81461,384,177.338365
11149,47,177.412262
11315,48,177.485035
11315,48,177.555418
58794,139,177.751963
11329,48,177.826319
-4063135,2808,181.494958
8665,48,181.570755
11315,48,181.648577
11315,48,181.721383
25130,108,181.883645
62008,138,182.077687
53761,147,182.294287
37029,125,182.469779
52013,485,183.117331
11315,48,183.191671
11315,48,183.262485
244778,448,183.883993
35899,247,184.241103
11315,48,184.314903
36065,248,184.679724
11315,48,184.753071
100984,563,185.530761
21656,76,185.646331
-45556,607,186.441704
24286,78,186.560418
11149,47,186.631295
46918,109,186.786627
11144,47,186.858435
11315,48,186.930757
-1121635,1608,189.028673
89730,238,189.358391
27049,127,189.5422
11315,48,189.623158
37077,125,189.803748
11154,47,189.868606
143269,269,190.238248
11149,47,190.310296
11315,48,190.383102
11315,48,190.45348
11315,48,190.529277
11315,48,190.598124
11315,48,190.670369
11315,48,190.744172
11315,48,190.812553
35015,288,191.203293
11315,48,191.27709
11315,48,191.349464
41268,111,191.506244
20094,87,191.634582
11315,48,191.70539
24811,77,191.819156
9694,47,191.889976
11315,48,191.969414
11315,48,192.041223
-146864,805,193.088754
20099,87,193.216476
11315,48,193.292271
20265,88,193.41951
11315,48,193.490321
11315,48,193.564068
11315,48,193.63355
11315,48,193.701395
11315,48,193.776702
13594,73,193.882942
82405,547,194.599689
30259,113,194.76229
11164,47,194.841615
11315,48,194.910463
55270,154,195.12355
11164,47,195.189401
67962,405,195.724195
96615,206,196.007497
11164,47,196.080308
62108,133,196.27391
34797,152,196.488399
111889,319,196.912458
35894,247,197.281593
11315,48,197.34639
-52347538,9649,210.250317
11144,47,210.333127
11315,48,210.416448
11315,48,210.496229
27215,128,210.701432
35015,288,211.094754
75267,306,211.538084
36854,485,212.241194
11315,48,212.314029
-624272,1438,214.205396
11149,47,214.270693
11315,48,214.35048
20265,88,214.505097
36649,148,214.730069
38094,153,214.957064
-406,487,215.605062
79765,365,216.095124
11315,48,216.1665
11315,48,216.241301
11315,48,216.308153
11315,48,216.379001
207088,496,217.032284
27215,128,217.214861
11315,48,217.285672
-191041,1149,218.783331
11164,47,218.856773
11315,48,218.932014
31668,107,219.082788
11149,47,219.154599
32165,168,219.39359
-2418607,2352,222.497089
11149,47,222.572886
11315,48,222.650719
-135794,914,223.856277
34944,207,224.150524
11315,48,224.243833
11315,48,224.315642
58161,206,224.602936
11315,48,224.671319
11315,48,224.748109
83608,351,225.225777
11149,47,225.300115
20265,88,225.432609
63229,524,226.120693
75259,199,226.398518
11164,47,226.47135
-8597525,3966,231.778241
58325,174,232.029197
72536,199,232.311588
48888,165,232.54905
35899,247,232.893286
-615337,1275,234.618111
27049,127,234.796634
6141,680,235.705835
11144,47,235.774678
10065,48,235.8415
63097,444,236.43149
24837,85,236.554162
-13446,527,237.262224
87375,419,237.837253
11144,47,237.905071
38578,95,238.040708
226307,1145,239.60219
11164,47,239.668014
-64435,648,240.528778
18595,73,240.63506
27049,127,240.816136
11315,48,240.888942
27215,128,241.067465
60198,147,241.269926
11144,47,241.338739
11315,48,241.40955
66757,405,241.943679
34854,287,242.328175
11315,48,242.399548
11315,48,242.466369
11315,48,242.536184
159509,262,242.887244
11144,47,242.957063
11315,48,243.028867
11315,48,243.095687
11315,48,243.167496
20265,88,243.291709
76116,181,243.541127
11149,47,243.61094
11315,48,243.677762
11315,48,243.749602
11315,48,243.815991
11315,48,243.887799
11315,48,243.955618
11315,48,244.025432
64263,485,244.681939
20265,88,244.811586
18595,73,244.917334
11149,47,244.985153
11315,48,245.055999
33908,106,245.20061
27049,127,245.379083
9865,48,245.447464
55665,206,245.72672
35115,208,246.009961
11315,48,246.078776
11315,48,246.149588
39665,124,246.318699
11149,47,246.385521
69781,405,246.922285
11315,48,246.993092
-494085,1168,248.536395
32165,168,248.767344
-235,488,249.419599
11315,48,249.492404
11315,48,249.559228
57774,199,249.82754
93222,184,250.082023
25563,85,250.208219
97121,212,250.495958
11149,47,250.564774
-21866,595,251.360263
11315,48,251.434061
42788,100,251.590678
31288,552,252.346736
11144,47,252.413557
26915,368,252.92519
68360,475,253.57485
11149,47,253.643656
36065,248,253.979446
11315,48,254.050256
11315,48,254.116053
20265,88,254.24374
11315,48,254.314552
32585,115,254.478119
72172,358,254.961884
11144,47,255.028707
11315,48,255.097552
43239,147,255.304073
11149,47,255.377904
11315,48,255.44672
32165,168,255.676107
11315,48,255.74991
48350,162,255.967329
35899,247,256.304428
9915,48,256.375269
11315,48,256.44608
170978,394,256.97205
11144,47,257.038877
21394,73,257.143592
34949,207,257.42484
11315,48,257.494654
27215,128,257.674175
11315,48,257.74455
11315,48,257.817387
11315,48,257.884239
11315,48,257.953056
36065,248,258.284303
11315,48,258.359103
11315,48,258.425433
35115,208,258.708677
11315,48,258.778489
6214,486,259.485176
11149,47,259.559541
11315,48,259.632379
42584,120,259.804551
11144,47,259.871403
11315,48,259.940318
35115,208,260.231057
11315,48,260.29691
54766,313,260.72416
11149,47,260.795971
11315,48,260.869313
13594,73,260.994008
11149,47,261.068373
148268,438,261.70403
11144,47,261.775837
27215,128,261.956433
11315,48,262.027243
-1922215,2039,264.897269
11149,47,264.956111
32165,168,265.161213
11315,48,265.221053
37029,123,265.377354
11144,47,265.434238
11315,48,265.506018
11315,48,265.567199
85843,187,265.786179
11329,48,265.844059
35015,288,266.191373
19334,73,266.284125
37720,108,266.416299
16808,73,266.504065
24671,84,266.606307
11154,47,266.666127
20265,88,266.773841
38252,126,266.926137
20265,88,267.03333
11315,48,267.093174
53639,162,267.291013
11164,47,267.347898
42747,118,267.492042
29369,428,268.0282
-30706,446,268.591459
11315,48,268.658311
36991,401,269.181137
11149,47,269.246959
11315,48,269.311355
11315,48,269.378179
32165,168,269.60024
11315,48,269.668621
21982,73,269.772348
11149,47,269.837211
11315,48,269.903566
32165,168,270.135987
24994,86,270.258202
32004,167,270.482512
11315,48,270.551353
33133,124,270.723192
-13451,527,271.40814
11315,48,271.481944
19334,73,271.588221
11149,47,271.657564
11315,48,271.726407
11315,48,271.798215
35115,208,272.077672
34155,108,272.23731
20094,87,272.370061
32165,168,272.597176
33001,124,272.775271
44859,164,273.001229
11315,48,273.079587
11315,48,273.148409
36065,248,273.488686
11315,48,273.564483
43099,117,273.741436
19168,72,273.850124
45273,117,274.022363
37743,324,274.466441
11154,47,274.536254
11315,48,274.606135
11315,48,274.681412
11315,48,274.757182
61797,245,275.089511
11154,47,275.160326
60560,206,275.452134
35015,288,275.839266
11315,48,275.913129
11315,48,275.985965
24615,74,276.096207
39331,123,276.28031
25905,83,276.405516
11149,47,276.473365
20265,88,276.605572
-20349,564,277.371303
11149,47,277.442145
11315,48,277.511929
11315,48,277.586745
21293,77,277.705459
32449,113,277.868218
11144,47,277.941588
35015,288,278.333697
11315,48,278.410352
38090,126,278.589033
-405866,1317,280.4216
24334,76,280.539285
11149,47,280.6201
9815,48,280.726298
11315,48,280.810671
16715,74,280.933322
123659,258,281.324294
11149,47,281.393651
11315,48,281.466454
20265,88,281.594118
58578,206,281.887458
11315,48,281.959301
35115,208,282.242177
11315,48,282.315517
11315,48,282.386362
11315,48,282.456707
11315,48,282.531071
9815,48,282.599395
13665,74,282.712493
11144,47,282.780312
54940,285,283.163353
32060,125,283.335492
64950,280,283.714458
31999,167,283.96382
48516,166,284.202216
11315,48,284.284557
41830,148,284.494035
11164,47,284.567398
11315,48,284.643227
24953,86,284.778864
11154,47,284.849675
20265,88,284.985988
11315,48,285.058337
42737,118,285.241904
11149,47,285.317703
11315,48,285.392539
51245,158,285.610153
11164,47,285.686979
11315,48,285.757761
11315,48,285.826638
20265,88,285.956866
-12861497,5013,292.598526
14949,87,292.738184
11315,48,292.816978
11315,48,292.890809
11315,48,292.962624
33712,108,293.135193
25828,84,293.263414
16779,74,293.374257
11144,47,293.445631
78730,325,293.914627
27080,76,294.026326
34844,287,294.446439
11315,48,294.525228
11315,48,294.602584
46865,145,294.82067
11149,47,294.891512
28366,96,295.038091
11144,47,295.117395
86914,190,295.384079
56677,204,295.6593
31804,327,296.101357
11315,48,296.1712
11315,48,296.246
-235,488,296.892044
57485,214,297.192039
126318,191,297.460383
11149,47,297.534521
26115,84,297.659348
11149,47,297.731725
11315,48,297.808079
11315,48,297.876956
11315,48,297.948364
-18713071,5845,305.730219
-1261901,1687,308.173212
26935,77,308.295914
27049,127,308.495647
11315,48,308.568017
11315,48,308.640917
44166,119,308.820542
-64606,647,309.665428
11315,48,309.743249
27215,128,309.936334
116786,208,310.229145
16649,73,310.338888
41846,751,311.425334
11149,47,311.501097
-13285,528,312.209475
38375,118,312.379057
19070,72,312.485255
20099,87,312.633891
11315,48,312.702246
20265,88,312.843407
11315,48,312.925166
11315,48,313.005978
27215,128,313.195747
20265,88,313.336874
11315,48,313.408286
11315,48,313.482625
69413,404,314.074186
66759,245,314.449236
11149,47,314.526032
11315,48,314.607351
31986,113,314.785895
40939,119,314.95719
31799,327,315.391935
11315,48,315.467267
11315,48,315.539047
11315,48,315.609368
11315,48,315.686167
11315,48,315.756009
71785,315,316.199468
11149,47,316.278794
11315,48,316.352597
-189685,848,317.556581
101891,305,317.96705
11144,47,318.043375
-64435,648,318.938769
11315,48,319.008579
11315,48,319.087434
11315,48,319.163265
11315,48,319.237267
11315,48,319.310606
11315,48,319.389491
11315,48,319.465285
27215,128,319.647368
27215,128,319.828396
19865,408,320.434354
11315,48,320.505207
43477,194,320.790993
11149,47,320.860838
11315,48,320.92922
11315,48,321.002053
11315,48,321.075401
11315,48,321.149266
11315,48,321.221073
31091,108,321.396067
94543,173,321.667392
24835,84,321.799306
11154,47,321.872409
74090,266,322.257676
11315,48,322.325467
11315,48,322.398608
11315,48,322.464457
32165,168,322.696432
27215,128,322.877025
11315,48,322.947347
11315,48,323.015167
11315,48,323.088533
41360,339,323.541802
20099,87,323.66048
58615,326,324.080983
26834,73,324.184709
-28136,704,325.104881
25856,83,325.220926
11149,47,325.289742
36065,248,325.620854
11315,48,325.68868
11315,48,325.755497
11315,48,325.823316
11315,48,325.891135
11315,48,325.960948
20265,88,326.093594
11315,48,326.160415
11315,48,326.226804
59725,151,326.432324
11149,47,326.500143
11315,48,326.570952
11315,48,326.637806
11315,48,326.707619
36065,248,327.038734
24960,85,327.159384
11154,47,327.228227
11315,48,327.296046
11315,48,327.366857
11315,48,327.435673
32053,405,327.969872
11149,47,328.037724
16765,74,328.140659
2578,644,328.990822
11315,48,329.059638
42805,135,329.248134
11144,47,329.322935
11315,48,329.38876
27215,128,329.565321
42088,113,329.723555
13744,73,329.826254
11144,47,329.895096
11315,48,329.961951
57547,161,330.181927
11144,47,330.256722
11315,48,330.323546
35115,208,330.606791
-235,488,331.251169
36065,248,331.590765
11315,48,331.661144
25851,84,331.782788
9799,47,331.84864
-3383371,2730,335.489085
11329,48,335.558872
11315,48,335.627687
11315,48,335.700493
11315,48,335.774323
11315,48,335.843171
57346,206,336.133397
59046,228,336.457137
99950,208,336.753854
21845,73,336.856576
11149,47,336.923398
42384,112,337.083968
-604437,1400,338.940794
-4063301,2807,342.691457
11315,48,342.763828
11315,48,342.835176
44755,99,342.9773
34849,287,343.370819
3795,710,344.318351
68319,187,344.576357
11164,47,344.648165
11315,48,344.717979
11315,48,344.78879
11315,48,344.855611
11315,48,344.927422
11315,48,344.996234
11315,48,345.067045
42913,106,345.210662
29516,112,345.371232
11149,47,345.439051
20265,88,345.562751
27311,77,345.67246
42580,244,345.999126
11149,47,346.067509
72585,286,346.455472
11315,48,346.526283
-749335,1368,348.340094
20265,88,348.470343
11315,48,348.543148
11315,48,348.62194
11315,48,348.692778
11315,48,348.763622
51045,166,348.990119
50863,128,349.171659
11144,47,349.244466
11315,48,349.311286
35115,208,349.597522
11315,48,349.667335
11315,48,349.737121
11315,48,349.80696
59865,195,350.07724
35914,247,350.416397
11315,48,350.488235
11315,48,350.556053
19236,73,350.662337
27049,127,350.83787
-227356,976,352.124651
11149,47,352.196459
11315,48,352.263281
40865,314,352.688146
11144,47,352.755964
25779,85,352.880636
34949,207,353.158949
20265,88,353.287605
37320,125,353.466691
24915,85,353.587932
11154,47,353.654753
25076,86,353.778423
11154,47,353.846241
11315,48,353.919054
11315,48,353.986866
20265,88,354.114524
35115,208,354.39677
11315,48,354.467582
11315,48,354.538423
85228,280,354.91003
11329,48,354.980839
11315,48,355.051158
11315,48,355.119539
11315,48,355.192317
11315,48,355.26116
104632,303,355.672069
11144,47,355.737886
11315,48,355.807672
27445,114,355.966275
94926,435,356.552932
11149,47,356.619292
13594,73,356.726572
27049,127,356.901112
11315,48,356.971917
11315,48,357.04173
-10120361,4386,362.909722
11149,47,362.983099
11315,48,363.05191
87443,230,363.368951
42438,119,363.537528
11144,47,363.606344
11315,48,363.677126
11315,48,363.745943
63216,152,363.9594
11149,47,364.025222
20265,88,364.153449
11315,48,364.221278
20265,88,364.349959
43227,284,364.736083
44430,523,365.440743
21965,74,365.552467
57214,153,365.764464
163519,431,366.341747
51559,152,366.553181
85769,251,366.894273
11144,47,366.964084
11315,48,367.038855
-235,488,367.691342
32165,168,367.923284
-13285,528,368.625412
11315,48,368.699336
28302,95,368.837536
25123,84,368.959236
68612,138,369.149765
27549,113,369.312896
11315,48,369.383707
20265,88,369.510503
16415,74,369.613229
11144,47,369.681047
78650,568,370.436594
11144,47,370.507537
11315,48,370.577352
11315,48,370.655159
25257,113,370.811771
37857,164,371.03308
-527678,1323,372.794045
81411,360,373.280742
11149,47,373.347573
102615,318,373.778039
11149,47,373.850846
65939,245,374.187541
11315,48,374.257355
11315,48,374.327166
32165,168,374.555555
11315,48,374.628361
11315,48,374.700169
-52875435,9448,387.462674
11315,48,387.539504
11315,48,387.61622
19865,408,388.169152
11315,48,388.248939
8565,48,388.320746
11315,48,388.397546
48105,148,388.606578
11149,47,388.68414
24871,86,388.812361
35026,605,389.629179
11315,48,389.700524
52776,129,389.882109
20094,87,390.001354
45585,107,390.165484
20094,87,390.299183
72673,139,390.496206
11144,47,390.561514
63921,321,391.019988
11154,47,391.088871
35015,288,391.500949
20265,88,391.625679
19865,408,392.165058
27215,128,392.347575
11315,48,392.417415
8465,48,392.493213
46860,102,392.638391
11144,47,392.71319
11315,48,392.785996
11315,48,392.853346
11315,48,392.928502
35355,107,393.08452
35894,247,393.420566
25895,84,393.542741
11149,47,393.612559
11315,48,393.685385
25563,85,393.808063
20099,87,393.937383
11315,48,394.010188
11315,48,394.079567
53183,239,394.407316
11144,47,394.478121
24378,79,394.597803
11149,47,394.667214
11315,48,394.741015
11315,48,394.810826
11315,48,394.88564
11315,48,394.955453
11315,48,395.029259
25035,86,395.150356
11154,47,395.222165
11315,48,395.293577
20265,88,395.42326
11315,48,395.496065
11315,48,395.567719
76337,317,395.992245
31814,327,396.429258
-373149,1078,397.843055
27049,127,398.027118
11315,48,398.09849
11315,48,398.17232
11315,48,398.244128
11315,48,398.318465
11315,48,398.396232
11315,48,398.470064
11315,48,398.544864
11315,48,398.619648
-107429482,13712,416.988129
11149,47,417.056452
24871,86,417.188279
11154,47,417.256629
31965,328,417.727148
11315,48,417.797931
11315,48,417.871447
11315,48,417.949237
11315,48,418.028164
117602,460,418.684061
11164,47,418.756873
11315,48,418.830669
11315,48,418.9055
11315,48,418.975823
25939,84,419.099065
11149,47,419.171439
11315,48,419.242245
40265,125,419.419641
-13285,528,420.11485
11315,48,420.191179
11315,48,420.262988
11315,48,420.335366
9815,48,420.409235
20265,88,420.535926
11315,48,420.61029
19334,73,420.723024
11149,47,420.795861
37595,114,420.963138
11164,47,421.029993
43436,120,421.202981
11144,47,421.28177
58987,140,421.479389
11149,47,421.5492
11315,48,421.621005
-64435,648,422.478001
11315,48,422.555399
26936,113,422.719987
11149,47,422.794821
11315,48,422.870193
11315,48,422.941506
-108535,728,423.902647
11315,48,423.977451
5155,117,424.149649
35894,247,424.492383
32837,405,425.039253
61901,331,425.48854
77312,321,425.924963
11315,48,426.003752
72795,285,426.395805
11315,48,426.472602
57472,206,426.763491
11315,48,426.838293
25606,85,426.965545
11149,47,427.033366
40109,113,427.195441
26308,73,427.307367
11149,47,427.37815
45299,510,428.052208
11144,47,428.124029
11315,48,428.197831
27215,128,428.377382
64681,167,428.604408
29344,113,428.774969
97804,268,429.145875
11164,47,429.220244
11315,48,429.291055
81597,205,429.56888
35894,247,429.905562
-34942285,7728,440.237177
11315,48,440.31355
11315,48,440.390702
11315,48,440.469463
26935,77,440.595124
25949,83,440.718197
31999,167,440.954289
11315,48,441.028622
11315,48,441.102127
21714,77,441.215952
20094,87,441.349077
11315,48,441.421455
36065,248,441.760148
32165,168,441.994028
11315,48,442.067396
11315,48,442.143171
11315,48,442.213596
11315,48,442.288594
36419,109,442.445145
11149,47,442.517169
31965,328,442.95445
11315,48,443.027992
11315,48,443.098832
11315,48,443.172638
11315,48,443.249432
-806385,1408,445.119752
20265,88,445.259413
11315,48,445.339177
11315,48,445.406564
-307341,1005,446.803043
11154,47,446.877069
39602,566,447.622357
27215,128,447.808452
11315,48,447.877296
104445,277,448.254458
11149,47,448.329288
31965,328,448.779773
35015,288,449.178453
-15623055,5398,456.337595
-92633821,12638,473.468293
118654,354,473.951383
11164,47,474.01621
-529817,1204,475.598281
154627,298,476.014175
11149,47,476.090002
26295,73,476.199544
42307,117,476.36929
13799,73,476.482986
-12965806,4807,482.930192
11315,48,483.008952
-13856,685,484.019216
11154,47,484.088068
11315,48,484.159442
11315,48,484.231284
26781,79,484.351028
11149,47,484.423376
170725,420,485.076559
21295,74,485.184274
11149,47,485.266055
11315,48,485.337394
11315,48,485.41023
11315,48,485.480076
32815,114,485.645202
46143,459,486.271901
11164,47,486.342192
11315,48,486.407077
67118,405,486.972164
11154,47,487.041978
32165,168,487.279471
11315,48,487.352312
11315,48,487.423182
55854,126,487.61672
20099,87,487.745408
11315,48,487.821687
-235,488,488.479697
13765,74,488.600348
54176,562,489.392022
63046,223,489.694145
32286,106,489.850888
23186,83,489.97394
74873,175,490.227429
41726,119,490.398544
11149,47,490.480833
11315,48,490.558654
39665,124,490.7286
11149,47,490.796452
130052,554,491.567637
11149,47,491.637454
-4728385,3008,495.686212
21982,73,495.797482
24869,85,495.925233
11154,47,495.996608
9965,48,496.068447
11315,48,496.141285
-14879,565,496.891204
31999,167,497.131224
-12513535,4728,503.480607
11315,48,503.56148
11315,48,503.63631
11315,48,503.7161
11315,48,503.786907
35115,208,504.075394
11315,48,504.149226
11315,48,504.222061
27215,128,504.406138
7265,48,504.476976
35115,208,504.766299
11315,48,504.843095
-1177434,1725,507.09694
11154,47,507.170341
11315,48,507.245703
11315,48,507.3215
-6051835,3368,511.78876
-364935,1048,513.234807
11315,48,513.321712
11315,48,513.401238
31007,96,513.540431
11144,47,513.615236
9865,48,513.691063
24029,74,513.80775
51224,164,514.046147
11315,48,514.11755
-45385,608,514.940116
11315,48,515.017939
24965,74,515.13018
11144,47,515.196569
11315,48,515.264387
35115,208,515.556268
24783,79,515.673958
21641,76,515.786656
34944,207,516.069493
11315,48,516.141304
11315,48,516.215108
11315,48,516.28648
26351,85,516.411216
11149,47,516.485218
11315,48,516.556589
11315,48,516.625435
20265,88,516.756122
11315,48,516.829302
11315,48,516.903131
25042,85,517.02381
91158,218,517.322804
65763,244,517.65807
11315,48,517.728877
59641,205,518.015213
37495,139,518.213027
44360,160,518.432431
16524,74,518.543167
22564,972,519.819404
47151,164,520.053405
11154,47,520.12727
31965,328,520.571584
35015,288,520.966225
11315,48,521.040025
11315,48,521.117015
11315,48,521.187335
11315,48,521.26117
11315,48,521.339525
26027,84,521.462228
45206,409,522.012949
134522,355,522.490017
19111,432,523.066908
34849,273,523.447253
11144,47,523.523049
11315,48,523.600409
32165,168,523.837375
19865,408,524.385977
95017,407,524.933162
11144,47,525.005966
-652616,1311,526.756414
11144,47,526.820274
21763,77,526.938136
11144,47,527.005957
46624,110,527.178223
65989,442,527.820463
65771,244,528.166561
11315,48,528.242924
11315,48,528.313298
-1183083,1765,530.645622
-513406,1192,532.212798
-65221,1055,533.608859
79568,436,534.192978
11149,47,534.265786
32165,168,534.502294
11315,48,534.57815
11315,48,534.653507
35015,288,535.042066
11315,48,535.118459
31965,328,535.564018
11315,48,535.634444
52039,259,535.992361
11144,47,536.063204
94474,678,536.972015
11149,47,537.040396
11315,48,537.117229
42705,194,537.389073
11315,48,537.464441
11315,48,537.537221
36065,248,537.873241
45899,419,538.430022
50203,169,538.667523
-100214,885,539.836743
34938,159,540.063737
31756,153,540.292135
-3778487,2844,544.136474
11149,47,544.213271
11315,48,544.289038
20265,88,544.422425
32165,168,544.660358
11315,48,544.731169
11315,48,544.807474
44195,267,545.179144
11144,47,545.251957
-64435,648,546.124258
35015,288,546.519234
95982,300,546.923441
11164,47,546.998241
55604,277,547.377519
-64913,679,548.272257
66237,229,548.588513
-1322935,1724,550.935252
20099,87,551.066463
-28335,568,551.834138
-160635,808,552.896196
11315,48,552.969004
11315,48,553.041807
31136,353,553.514241
69259,267,553.91537
27044,127,554.095484
11315,48,554.167289
35015,288,554.589202
11315,48,554.656615
11315,48,554.730391
62865,152,554.967386
47219,353,555.47086
11164,47,555.540702
11315,48,555.614068
11315,48,555.68641
11315,48,555.759216
27535,80,555.873901
11149,47,555.94533
60415,151,556.152349
96602,458,556.754738
35914,247,557.087386
11315,48,557.166176
-165224,838,558.29894
19699,407,558.856138
64926,245,559.200198
11149,47,559.276533
19865,408,559.833365
41211,110,560.000482
24449,73,560.122188
11144,47,560.193505
20265,88,560.32397
24580,76,560.444277
11144,47,560.51409
13915,74,560.624391
27044,127,560.807442
11315,48,560.882243
35115,208,561.167084
9965,48,561.241908
11315,48,561.314225
11315,48,561.387033
21982,73,561.502288
39163,123,561.673479
84757,273,562.046146
11164,47,562.11849
11315,48,562.191294
21730,76,562.303992
16594,73,562.415265
11144,47,562.487072
59349,205,562.776894
11315,48,562.846301
-2810459,2508,566.179338
11149,47,566.252142
11315,48,566.32827
25001,85,566.459375
27054,127,566.645393
-167058,995,567.993042
11144,47,568.068839
11315,48,568.142092
11315,48,568.215414
11315,48,568.290214
42815,120,568.486241
-189856,847,569.676267
27733,490,570.315785
31994,167,570.558701
27215,128,570.743239
71682,445,571.337875
-213297,1002,572.664516
25372,78,572.782229
70997,347,573.250158
11144,47,573.32552
11315,48,573.398356
10815,448,573.997816
11315,48,574.074611
11315,48,574.149439
11315,48,574.219255
-311680,1099,575.65061
87861,174,575.896536
16421,72,576.003283
96870,453,576.599071
11315,48,576.67244
11315,48,576.746243
82405,181,576.996234
20099,87,577.127477
11315,48,577.199285
39198,97,577.338918
31994,167,577.576452
51130,198,577.853334
20099,87,577.983185
11315,48,578.057983
34638,113,578.218525
27049,127,578.396818
35115,208,578.677766
67251,364,579.160678
1460,685,580.060121
143285,1104,581.553646
36852,112,581.717271
24395,106,581.879391
24331,85,582.011044
-1229507,1797,584.458386
27049,127,584.644489
11315,48,584.714303
53909,188,584.977361
67451,323,585.422267
11154,47,585.501053
20265,88,585.63452
11315,48,585.710348
41870,437,586.287889
11149,47,586.361727
11315,48,586.434551
37033,126,586.613106
37731,124,586.78524
11154,47,586.858552
21982,73,586.968262
140601,244,587.303991
11149,47,587.37947
11315,48,587.453269
20265,88,587.581942
577,509,588.256079
-65758,776,589.27661
42064,113,589.440797
-216438,924,590.734084
11315,48,590.80689
86730,1071,592.289174
50766,147,592.489666
92544,198,592.756519
11144,47,592.822344
65932,407,593.358977
11315,48,593.430786
11315,48,593.502594
11315,48,593.568418
11315,48,593.638203
39476,566,594.393838
11154,47,594.459691
11315,48,594.526512
11315,48,594.596888
42759,120,594.763572
23936,85,594.888239
20099,87,595.010912
38325,356,595.507583
11144,47,595.579391
11315,48,595.651199
11315,48,595.718587
11315,48,595.789401
11315,48,595.857251
92330,162,596.089692
11144,47,596.153494
11315,48,596.223814
11315,48,596.292632
108492,267,596.659678
11164,47,596.731485
-108134,757,597.746965
26356,73,597.857205
11149,47,597.923029
39791,157,598.142444
11149,47,598.209265
36065,248,598.547362
11315,48,598.618169
11315,48,598.688549
11315,48,598.756374
20265,88,598.88309
36065,248,599.216765
11315,48,599.287142
83037,308,599.704025
38939,124,599.876564
11149,47,599.946379
37147,108,600.094981
11149,47,600.165796
124491,296,600.5618
-280595,1124,602.055598
11315,48,602.127437
11315,48,602.198251
36065,248,602.532928
35995,146,602.734522
-304129,1107,604.203966
-108701,727,605.185445
11315,48,605.258514
11315,48,605.328361
41865,234,605.643574
11144,47,605.714386
24164,510,606.39782
9649,47,606.469625
11315,48,606.53941
11315,48,606.609253
38287,118,606.780796
11149,47,606.847615
11315,48,606.918425
31965,328,607.35791
11315,48,607.430717
11315,48,607.500066
11315,48,607.567449
11315,48,607.637739
11315,48,607.705586
11315,48,607.775399
11315,48,607.841224
11315,48,607.909042
67012,445,608.509438
35904,247,608.844638
49744,220,609.171464
11144,47,609.240281
11315,48,609.312089
11315,48,609.379908
37401,125,609.560426
35904,247,609.903509
35115,208,610.19925
11315,48,610.267072
-45385,608,611.091491
11315,48,611.162306
11315,48,611.235111
11315,48,611.300935
67734,428,611.871036
11144,47,611.941848
11315,48,612.012691
11315,48,612.080789
158033,250,612.417017
11315,48,612.487828
10815,448,613.089221
-160635,808,614.168374
20265,88,614.298024
37564,125,614.476552
-28496,567,615.235123
11315,48,615.30693
11315,48,615.37475
11315,48,615.443568
11315,48,615.512383
20265,88,615.638613
32165,168,615.870993
11315,48,615.944789
11315,48,616.013609
11315,48,616.084419
11315,48,616.150243
42212,120,616.317796
-215395,1119,617.800492
11315,48,617.866316
11315,48,617.933697
11315,48,618.004543
11315,48,618.073359
24811,77,618.186057
11144,47,618.252879
64391,246,618.588553
11315,48,618.660354
35015,288,619.047321
11315,48,619.117134
62174,199,619.38841
11144,47,619.459256
11315,48,619.529098
-13285,528,620.231558
19865,408,620.779092
86023,229,621.089264
37969,106,621.244792
11144,47,621.314608
35015,288,621.70662
11315,48,621.779964
11315,48,621.848316
11315,48,621.919155
11315,48,621.991529
16715,74,622.095253
11144,47,622.162074
11315,48,622.232884
26915,368,622.740527
11315,48,622.812335
11315,48,622.879719
56820,144,623.080215
24299,127,623.261731
11315,48,623.337037
11315,48,623.408875
32165,168,623.636369
-2978570,2519,627.013247
-659716,1432,628.926259
-1991501,2189,631.878284
42000,112,632.047888
51782,367,632.566392
11144,47,632.640199
11315,48,632.712034
11315,48,632.783842
11315,48,632.855161
11315,48,632.930992
35015,288,633.346475
11315,48,633.415327
52087,199,633.698673
27078,79,633.815393
2364,681,634.719856
11149,47,634.789679
6015,48,634.862486
11315,48,634.937309
26855,75,635.046988
11149,47,635.12336
61748,166,635.365256
20099,87,635.494039
11315,48,635.56345
11315,48,635.634325
36065,248,635.999897
11315,48,636.073729
11315,48,636.155581
11315,48,636.228955
11315,48,636.306286
11315,48,636.379018
11315,48,636.44831
11315,48,636.529421
56005,189,636.799256
11144,47,636.868077
69964,325,637.333975
11154,47,637.398804
11315,48,637.469615
11315,48,637.544414
11315,48,637.621227
11315,48,637.693542
43616,117,637.881134
22781,310,638.307714
52040,191,638.586438
11144,47,638.66127
11315,48,638.727662
147415,338,639.216429
9714,47,639.284218
36065,248,639.646639
11315,48,639.719449
11315,48,639.791256
11315,48,639.867079
11315,48,639.936461
11315,48,640.007276
26781,79,640.126366
11149,47,640.195182
40808,98,640.341185
11144,47,640.41097
39755,125,640.594119
27215,128,640.779181
24912,86,640.901517
11154,47,640.971886
21933,73,641.078113
53017,284,641.491307
43251,108,641.650392
19163,72,641.757137
11149,47,641.831445
11315,48,641.904253
74475,401,642.473244
26975,78,642.589412
11149,47,642.66222
20265,88,642.79589
44010,147,643.007479
-9892,705,644.011007
19163,72,644.122335
-175345,844,645.232181
52795,158,645.454307
